entry	name	armor	stam	spi	int	str	agi	ap	hit	crit	weapon_skill	defense	dodge	parry	block	block_value	ranged_ap	spdmg	sppen	sphit	spcrit	spheal	mp5	fire_res	nat_res	frost_res	avg_hit	dps	speed	bias
18817	Crown of Destruction	392	23	9	9	0	0	44	0	2	0	0	0	0	0	0	0	0	0	0	0	0	0	10	0	0	0	0	0	
16542	Warlord's Plate Headpiece	719	34	0	0	28	0	0	0	1	0	0	0	0	0	0	0	0	0	0	0	0	0	0	0	0	0	0	0	
20521	Fury Visor	445	0	0	0	18	0	0	1	1	0	0	0	0	0	0	0	0	0	0	0	0	0	0	0	0	0	0	0	
12587	Eye of Rend	143	7	0	0	13	0	0	0	2	0	0	0	0	0	0	0	0	0	0	0	0	0	0	0	0	0	0	0	
13359	Crown of Tyranny	301	20	0	0	0	0	40	0	1	0	0	0	0	0	0	0	0	0	0	0	0	0	0	0	0	0	0	0	
13404	Mask of the Unforgiven	132	12	0	0	0	0	0	2	1	0	0	0	0	0	0	0	0	0	0	0	0	0	0	0	0	0	0	0	
11735	Ragefury Eyepatch	132	9	0	0	6	0	0	0	2	0	0	0	0	0	0	0	0	0	0	0	0	0	0	0	0	0	0	0	
19984	Ebon Mask	122	11	0	0	0	0	36	0	1	0	0	0	0	0	0	0	0	0	0	0	0	0	0	0	0	0	0	0	
16707	Shadowcraft Cap	141	18	5	0	13	20	0	0	0	0	0	0	0	0	0	0	0	0	0	0	0	0	0	0	0	0	0	0	
18421	Backwood Helm	301	13	9	9	0	21	0	0	1	0	0	0	0	0	0	0	0	0	0	0	0	0	0	0	0	0	0	0	
9479	Embrace of the Lycan	118	16	5	0	8	0	32	0	0	0	0	0	0	0	0	0	0	0	0	0	0	0	0	0	0	0	0	0	
11925	Ghostshroud	132	18	0	0	12	19	0	0	0	0	0	0	0	0	0	0	0	0	0	0	0	0	0	0	0	0	0	0	
16731	Helm of Valor	526	23	8	0	15	9	0	0	0	0	0	0	0	0	0	0	0	0	0	0	0	0	0	0	0	0	0	0	
16963	Helm of Wrath	696	40	0	0	17	0	0	0	0	0	11	0	0	0	0	0	0	0	0	0	0	0	0	0	10	0	0	0	
14849	Sunscale Helmet	411	12	0	0	16	6	0	0	0	0	0	0	0	0	0	0	0	0	0	0	0	0	0	0	0	0	0	0	
12953	Dragoneye Coif	288	17	0	0	0	0	38	0	0	0	0	0	0	0	0	0	0	0	0	0	0	0	0	0	0	0	0	0	
11746	Golem Skull Helm	477	18	0	0	18	0	0	0	0	0	7	0	0	0	0	0	0	0	0	0	0	0	0	0	0	0	0	0	
12427	Imperial Plate Helm	456	17	0	0	18	0	0	0	0	0	0	0	0	0	0	0	0	0	0	0	0	0	0	0	0	0	0	0	
17767	Bloomsprout Headpiece	249	18	0	0	0	0	36	0	0	0	0	0	0	0	0	0	0	0	0	0	0	0	0	10	0	0	0	0	
14866	Warleader's Crown	478	16	5	0	18	0	0	0	0	0	0	0	0	0	0	0	0	0	0	0	0	0	0	0	0	0	0	0	
16727	Lightforge Helm	526	20	10	14	13	6	0	0	0	0	0	0	0	0	0	0	0	0	0	0	0	0	0	0	0	0	0	0	
16866	Helm of Might	608	35	0	0	15	0	0	0	0	0	7	1	0	0	0	0	0	0	0	0	0	0	10	0	0	0	0	0	
18698	Tattered Leather Hood	130	23	0	0	0	10	0	1	0	0	0	0	0	0	0	0	0	0	0	0	0	0	0	0	0	0	0	0	
18718	Grand Crusader's Helm	584	16	12	0	16	0	0	0	0	0	0	0	0	0	0	0	0	0	0	0	0	0	0	0	0	0	0	0	
22223	Foreman's Head Protector	469	14	0	11	15	0	0	0	0	0	0	0	0	0	0	0	13	0	0	0	0	0	0	0	0	0	0	0	
12620	Enchanted Thorium Helm	526	25	0	0	12	0	0	0	0	0	9	0	0	0	0	0	0	0	0	0	0	0	0	0	0	0	0	0	
18325	Felhide Cap	134	14	0	0	0	21	0	0	0	0	0	0	0	0	0	0	0	0	0	0	0	0	8	0	0	0	0	0	
16677	Beaststalker's Cap	297	20	6	10	0	20	0	0	0	0	0	0	0	0	0	0	0	0	0	0	0	0	0	0	0	0	0	0	
21317	Helm of the Pathfinder	117	17	0	0	0	0	0	0	1	0	0	0	0	0	0	0	0	0	0	0	0	0	0	0	0	0	0	0	
10372	Imbued Plate Helmet	456	17	0	0	0	17	0	0	0	0	0	0	0	0	0	0	0	0	0	0	0	0	0	0	0	0	0	0	
14858	Vanguard Headdress	448	21	0	0	10	0	0	0	0	0	0	0	0	0	0	0	0	0	0	0	0	0	0	0	0	0	0	0	
14539	Bone Ring Helm	141	30	6	6	6	5	0	0	0	0	0	0	0	0	0	0	0	0	0	0	0	0	0	0	0	0	0	0	
13073	Mugthol's Helm	445	17	17	0	10	0	0	0	0	0	0	0	0	0	0	0	0	0	0	0	0	0	0	0	0	0	0	0	
14676	Pridelord Halo	122	14	6	0	0	17	0	0	0	0	0	0	0	0	0	0	0	0	0	0	0	0	0	0	0	0	0	0	
8348	Helm of Fire	118	10	0	0	0	17	0	0	0	0	0	0	0	0	0	0	0	0	0	0	0	0	5	0	0	0	0	0	
15086	Wicked Leather Headband	118	16	0	0	0	16	0	0	0	0	0	0	0	0	0	0	0	0	0	0	0	0	0	0	0	0	0	0	
2245	Helm of Narv	309	32	18	0	0	13	0	0	0	0	0	0	0	0	0	0	0	0	0	0	0	0	0	0	0	0	0	0	
10741	Lordrec Helmet	113	10	3	0	0	16	0	0	0	0	0	0	0	0	0	0	0	0	0	0	0	0	0	0	0	0	0	0	
11729	Savage Gladiator Helm	275	28	0	0	0	12	0	0	0	0	0	0	0	0	0	0	0	0	0	0	0	0	0	0	0	0	0	0	
11913	Clayridge Helm	242	0	15	0	0	16	0	0	0	0	0	0	0	0	0	0	0	0	0	0	0	0	0	0	0	0	0	0	
8208	Tough Scorpid Helm	222	0	14	0	0	14	0	0	0	0	0	0	0	0	0	0	0	0	0	0	0	0	0	0	0	0	0	0	
9653	Speedy Racer Goggles	53	0	0	14	0	14	0	0	0	0	0	0	0	0	0	0	0	0	0	0	0	0	0	0	0	0	0	0	
14814	Warstrike Helmet	274	23	0	3	0	10	0	0	0	0	0	0	0	0	0	0	0	0	0	0	0	0	0	0	0	0	0	0	
16667	Coif of Elements	297	13	12	23	7	0	0	0	0	0	0	0	0	0	0	0	0	0	0	0	0	0	0	0	0	0	0	0	
8308	Hero's Band	262	14	17	0	0	9	0	0	0	0	0	0	0	0	0	0	0	0	0	0	0	0	0	0	0	0	0	0	
16720	Wildheart Cowl	141	10	20	20	6	0	0	0	0	0	0	0	0	0	0	0	0	0	0	0	0	0	0	0	0	0	0	0	
11124	Helm of Exile	266	0	18	18	0	11	0	0	0	0	0	0	0	0	0	0	0	0	0	0	0	0	0	0	0	0	0	0	
10749	Avenguard Helm	461	25	10	0	0	5	0	0	0	0	0	0	0	0	0	0	0	0	0	0	0	0	0	0	0	0	0	0	
10743	Drakefire Headguard	226	0	15	9	5	0	0	0	0	0	0	0	0	0	0	0	0	0	0	0	0	0	0	0	0	0	0	0	
8131	Myrmidon's Helm	222	0	14	11	0	7	0	0	0	0	0	0	0	0	0	0	0	0	0	0	0	0	0	0	0	0	0	0	
10751	Gemburst Circlet	63	9	18	17	0	5	0	0	0	0	0	0	0	0	0	0	0	0	0	0	0	0	0	0	0	0	0	0	
19148	Dark Iron Helm	758	20	0	0	0	0	0	0	0	0	0	0	0	0	0	0	0	0	0	0	0	0	35	0	0	0	0	0	
14449	Highborne Crown	60	0	6	22	3	0	0	0	0	0	0	0	0	0	0	0	0	0	0	0	0	0	0	0	0	0	0	0	
18546	Infernal Headcage	358	24	14	25	0	0	0	0	0	0	0	0	0	0	0	0	16	0	0	0	0	0	10	0	0	0	0	0	
22302	Ironweave Cowl	203	24	0	15	0	0	0	0	0	0	0	0	0	0	0	0	0	0	0	0	0	0	0	0	0	0	0	0	
12185	Bloodsail Admiral's Hat	63	25	0	0	0	0	0	0	0	0	0	0	0	0	0	0	0	0	0	0	0	0	0	0	0	0	0	0	
12952	Gyth's Skull	509	20	0	0	0	0	0	0	0	0	9	0	0	0	0	0	0	0	0	0	0	0	0	0	0	0	0	0	
11808	Circle of Flame	74	20	0	0	0	0	0	0	0	0	0	0	0	0	0	0	0	0	0	0	0	0	15	0	0	0	0	0	
16983	Molten Helm	150	16	0	0	0	0	0	0	0	0	0	1	0	0	0	0	0	0	0	0	0	0	29	0	0	0	0	0	
15080	Heavy Scorpid Helm	258	20	13	0	0	0	0	0	0	0	0	0	0	0	0	0	0	0	0	0	0	0	0	0	0	0	0	0	
14795	Protector Helm	234	20	7	0	0	0	0	0	0	0	0	0	0	0	0	0	0	0	0	0	0	0	0	0	0	0	0	0	
18313	Helm of Awareness	493	17	0	0	0	0	0	0	0	0	0	2	0	0	0	0	0	0	0	0	0	0	0	0	0	0	0	0	
8317	Alabaster Plate Helmet	419	16	15	0	0	0	0	0	0	0	0	0	0	0	0	0	0	0	0	0	0	0	0	0	0	0	0	0	
8270	Ebonhold Helmet	242	16	15	0	0	0	0	0	0	0	0	0	0	0	0	0	0	0	0	0	0	0	0	0	0	0	0	0	
12018	Conservator Helm	238	16	15	0	0	0	0	0	0	0	0	0	0	0	0	0	0	0	0	0	0	0	0	0	0	0	0	0	
12752	Cap of the Scarlet Savant	78	17	0	20	0	0	0	0	0	0	0	0	0	0	0	0	0	0	0	2	0	0	0	0	0	0	0	0	
18480	Scarab Plate Helm	463	13	0	20	0	0	0	0	0	0	0	0	0	0	0	0	0	0	0	0	0	0	0	0	0	0	0	0	
18870	Helm of the Lifegiver	324	14	9	30	0	0	0	0	0	0	0	0	0	0	0	0	0	0	0	0	42	0	0	0	0	0	0	0	
18526	Crown of the Ogre King	73	16	11	18	0	0	0	0	0	0	0	0	0	0	0	0	0	0	0	1	0	0	0	0	0	0	0	0	
14460	Elunarian Diadem	66	16	0	20	0	0	0	0	0	0	0	0	0	0	0	0	0	0	0	0	0	0	0	0	0	0	0	0	
16008	Master Engineer's Goggles	61	16	17	0	0	0	0	0	0	0	0	0	0	0	0	0	0	0	0	0	0	0	0	0	0	0	0	0	
10782	Hakkari Shroud	58	16	0	15	0	0	0	0	0	0	0	0	0	0	0	0	0	0	0	0	0	0	0	0	0	0	0	0	
18319	Fervent Helm	279	14	0	0	0	0	0	0	0	0	0	0	0	0	0	0	0	0	0	0	0	0	0	0	0	0	0	0	
16698	Dreadmist Mask	71	15	12	23	0	0	0	0	0	0	0	0	0	0	0	0	0	0	0	0	0	0	0	0	0	0	0	0	
22407	Helm of the New Moon	139	14	12	13	0	0	0	0	0	0	0	0	0	0	0	0	23	0	0	0	0	0	0	0	0	0	0	0	
18807	Helm of Latent Power	297	12	12	14	0	0	0	0	0	0	0	0	0	0	0	0	14	0	0	1	0	0	0	0	0	0	0	0	
12636	Helm of the Great Chief	292	12	30	0	0	0	0	0	0	0	0	0	0	0	0	0	0	0	0	0	0	0	0	0	0	0	0	0	
13113	Feathermoon Headdress	143	13	21	20	0	0	0	0	0	0	0	0	0	0	0	0	0	0	0	0	0	0	0	0	0	0	0	0	
8299	Traveler's Helm	124	13	14	14	0	0	0	0	0	0	0	0	0	0	0	0	0	0	0	0	0	0	0	0	0	0	0	0	
16693	Devout Crown	71	13	15	24	0	0	0	0	0	0	0	0	0	0	0	0	0	0	0	0	0	0	0	0	0	0	0	0	
14140	Mooncloth Circlet	71	13	15	23	0	0	0	0	0	0	0	0	0	0	0	0	0	0	0	0	0	0	0	0	0	0	0	0	
17715	Eye of Theradras	63	13	11	20	0	0	0	0	0	0	0	0	0	0	0	0	0	0	0	0	0	0	0	0	0	0	0	0	
18490	Insightful Hood	139	12	9	15	0	0	0	0	0	0	0	0	0	0	0	0	0	0	0	1	33	0	0	0	0	0	0	0	
12960	Tribal War Feathers	137	12	0	15	0	0	0	0	0	0	0	0	0	0	0	0	0	0	0	0	33	0	0	0	0	0	0	0	
22225	Dragonskin Cowl	69	12	0	15	0	0	0	0	0	0	0	0	0	0	0	0	18	0	0	0	0	0	0	0	0	0	0	0	
18479	Carrion Scorpid Helm	262	10	0	0	0	0	0	0	0	0	0	0	0	0	0	0	26	0	0	0	0	0	0	0	0	0	0	0	
16686	Magister's Crown	71	11	5	30	0	0	0	0	0	0	0	0	0	0	0	0	0	0	0	0	0	0	0	0	0	0	0	0	
18308	Clever Hat	122	10	0	11	0	0	0	0	0	0	0	0	0	0	0	0	0	0	0	0	0	7	0	0	0	0	0	0	
14667	Keeper's Wreath	113	10	16	10	0	0	0	0	0	0	0	0	0	0	0	0	0	0	0	0	0	0	0	0	0	0	0	0	
13390	The Postmaster's Band	70	10	10	25	0	0	0	0	0	0	0	0	0	0	0	0	14	0	0	0	0	0	0	0	0	0	0	0	
11839	Chief Architect's Monocle	64	10	3	27	0	0	0	0	0	0	0	0	0	0	0	0	0	0	0	0	0	0	0	0	0	0	0	0	
8292	Arcane Cover	61	10	10	17	0	0	0	0	0	0	0	0	0	0	0	0	0	0	0	0	0	0	0	0	0	0	0	0	
14441	Venomshroud Mask	53	10	0	16	0	0	0	0	0	0	0	0	0	0	0	0	0	0	0	0	0	0	0	4	0	0	0	0	
14686	Indomitable Headdress	130	9	18	15	0	0	0	0	0	0	0	0	0	0	0	0	0	0	0	0	0	0	0	0	0	0	0	0	
13986	Crown of Caer Darrow	73	8	20	20	0	0	0	0	0	0	0	0	0	0	0	0	0	0	0	0	0	0	0	0	15	0	0	0	
18727	Crimson Felt Hat	68	8	8	8	0	0	0	0	0	0	0	0	0	0	0	0	30	0	0	0	0	0	0	0	0	0	0	0	
17740	Soothsayer's Headdress	122	7	8	25	0	0	0	0	0	0	0	0	0	0	0	0	0	0	0	0	0	0	0	0	0	0	0	0	
12612	Runic Plate Helm	621	0	0	0	0	0	0	0	0	0	0	0	0	0	0	0	0	0	0	0	0	0	13	13	0	0	0	0	
12549	Braincage	253	5	9	25	0	0	0	0	0	0	0	0	0	0	0	0	0	0	0	0	0	0	0	0	0	0	0	0	
17734	Helm of the Mountain	683	0	0	0	0	0	0	0	0	0	7	0	0	0	0	0	0	0	0	0	0	0	0	10	0	0	0	0	
12410	Thorium Helm	434	0	0	0	0	0	0	0	0	0	0	0	0	0	0	0	0	0	0	0	0	0	10	10	10	0	0	0	
12633	Whitesoul Helm	629	0	15	15	0	0	0	0	0	0	0	0	0	0	0	0	0	0	0	0	35	0	0	0	0	0	0	0	
14130	Wizardweave Turban	64	0	0	0	0	0	0	0	0	0	0	0	0	0	0	0	0	0	0	0	0	0	18	0	0	0	0	0	
14979	Exalted Helmet	492	0	0	0	0	0	0	0	0	0	0	0	0	0	0	0	0	0	0	0	0	0	0	0	0	0	0	0	
10388	Hyperion Helm	485	0	0	0	0	0	0	0	0	0	0	0	0	0	0	0	0	0	0	0	0	0	0	0	0	0	0	0	
10379	Commander's Helm	471	0	0	0	0	0	0	0	0	0	0	0	0	0	0	0	0	0	0	0	0	0	0	0	0	0	0	0	
14935	Heroic Skullcap	463	0	0	0	0	0	0	0	0	0	0	0	0	0	0	0	0	0	0	0	0	0	0	0	0	0	0	0	
14969	Glorious Headdress	456	0	0	0	0	0	0	0	0	0	0	0	0	0	0	0	0	0	0	0	0	0	0	0	0	0	0	0	
10279	Emerald Helm	448	0	0	0	0	0	0	0	0	0	0	0	0	0	0	0	0	0	0	0	0	0	0	0	0	0	0	0	
14925	Lofty Helm	441	0	0	0	0	0	0	0	0	0	0	0	0	0	0	0	0	0	0	0	0	0	0	0	0	0	0	0	
10168	Templar Crown	434	0	0	0	0	0	0	0	0	0	0	0	0	0	0	0	0	0	0	0	0	0	0	0	0	0	0	0	
3075	Eye of Flame	70	0	10	10	0	0	0	0	0	0	0	0	0	0	0	0	0	0	0	0	0	0	15	0	0	0	0	0	
14961	High Chief's Crown	426	0	0	0	0	0	0	0	0	0	0	0	0	0	0	0	0	0	0	0	0	0	0	0	0	0	0	0	
10241	Heavy Lamellar Helm	411	0	0	0	0	0	0	0	0	0	0	0	0	0	0	0	0	0	0	0	0	0	0	0	0	0	0	0	
14919	Jade Circlet	404	0	0	0	0	0	0	0	0	0	0	0	0	0	0	0	0	0	0	0	0	0	0	0	0	0	0	0	
10132	Revenant Helmet	397	0	0	0	0	0	0	0	0	0	0	0	0	0	0	0	0	0	0	0	0	0	0	0	0	0	0	0	
14952	Bloodforged Helmet	390	0	0	0	0	0	0	0	0	0	0	0	0	0	0	0	0	0	0	0	0	0	0	0	0	0	0	0	
12604	Starfire Tiara	69	0	10	28	0	0	0	0	0	0	0	0	0	0	0	0	0	0	0	0	0	0	10	0	0	0	0	0	
15684	Triumphant Skullcap	278	0	0	0	0	0	0	0	0	0	0	0	0	0	0	0	0	0	0	0	0	0	0	0	0	0	0	0	
10272	Masterwork Circlet	274	0	0	0	0	0	0	0	0	0	0	0	0	0	0	0	0	0	0	0	0	0	0	0	0	0	0	0	
10833	Horns of Eranikus	271	0	11	27	0	0	0	0	0	0	0	0	0	0	0	0	0	0	0	0	0	0	0	0	0	0	0	0	
10160	Mercurial Circlet	270	0	0	0	0	0	0	0	0	0	0	0	0	0	0	0	0	0	0	0	0	0	0	0	0	0	0	0	
15670	Magnificent Helmet	266	0	0	0	0	0	0	0	0	0	0	0	0	0	0	0	0	0	0	0	0	0	0	0	0	0	0	0	
15664	Impenetrable Helmet	262	0	0	0	0	0	0	0	0	0	0	0	0	0	0	0	0	0	0	0	0	0	0	0	0	0	0	0	
10235	Engraved Helm	258	0	0	0	0	0	0	0	0	0	0	0	0	0	0	0	0	0	0	0	0	0	0	0	0	0	0	0	
12417	Radiant Circlet	258	0	0	0	0	0	0	0	0	0	0	0	0	0	0	0	0	0	0	0	0	0	0	0	18	0	0	0	
14804	Bloodlust Helm	254	0	14	18	0	0	0	0	0	0	0	0	0	0	0	0	0	0	0	0	0	0	0	0	0	0	0	0	
10123	Ornate Circlet	250	0	0	0	0	0	0	0	0	0	0	0	0	0	0	0	0	0	0	0	0	0	0	0	0	0	0	0	
15651	Merciless Crown	246	0	0	0	0	0	0	0	0	0	0	0	0	0	0	0	0	0	0	0	0	0	0	0	0	0	0	0	
15645	Ironhide Helmet	242	0	0	0	0	0	0	0	0	0	0	0	0	0	0	0	0	0	0	0	0	0	0	0	0	0	0	0	
10198	Crusader's Helm	234	0	0	0	0	0	0	0	0	0	0	0	0	0	0	0	0	0	0	0	0	0	0	0	0	0	0	0	
15634	Formidable Circlet	230	0	0	0	0	0	0	0	0	0	0	0	0	0	0	0	0	0	0	0	0	0	0	0	0	0	0	0	
10083	Lord's Crown	226	0	0	0	0	0	0	0	0	0	0	0	0	0	0	0	0	0	0	0	0	0	0	0	0	0	0	0	
15623	Gryphon Mail Crown	222	0	0	0	0	0	0	0	0	0	0	0	0	0	0	0	0	0	0	0	0	0	0	0	0	0	0	0	
15439	Supreme Crown	132	0	0	0	0	0	0	0	0	0	0	0	0	0	0	0	0	0	0	0	0	0	0	0	0	0	0	0	
10261	Adventurer's Bandana	130	0	0	0	0	0	0	0	0	0	0	0	0	0	0	0	0	0	0	0	0	0	0	0	0	0	0	0	
15193	Grand Crown	129	0	0	0	0	0	0	0	0	0	0	0	0	0	0	0	0	0	0	0	0	0	0	0	0	0	0	0	
10150	Mighty Helmet	129	0	0	0	0	0	0	0	0	0	0	0	0	0	0	0	0	0	0	0	0	0	0	0	0	0	0	0	
10226	Nightshade Helmet	127	0	0	0	0	0	0	0	0	0	0	0	0	0	0	0	0	0	0	0	0	0	0	0	0	0	0	0	
15430	Peerless Headband	125	0	0	0	0	0	0	0	0	0	0	0	0	0	0	0	0	0	0	0	0	0	0	0	0	0	0	0	
15094	Runic Leather Headband	122	0	12	20	0	0	0	0	0	0	0	0	0	0	0	0	0	0	0	0	0	0	0	0	0	0	0	0	
15185	Praetorian Coif	120	0	0	0	0	0	0	0	0	0	0	0	0	0	0	0	0	0	0	0	0	0	0	0	0	0	0	0	
10111	Wanderer's Hat	120	0	0	0	0	0	0	0	0	0	0	0	0	0	0	0	0	0	0	0	0	0	0	0	0	0	0	0	
15391	Jadefire Cap	118	0	0	0	0	0	0	0	0	0	0	0	0	0	0	0	0	0	0	0	0	0	0	0	0	0	0	0	
10187	Swashbuckler's Eyepatch	117	0	0	0	0	0	0	0	0	0	0	0	0	0	0	0	0	0	0	0	0	0	0	0	0	0	0	0	
8261	Serpentskin Helm	115	0	15	16	0	0	0	0	0	0	0	0	0	0	0	0	0	0	0	0	0	0	0	0	0	0	0	0	
10073	Righteous Helmet	111	0	0	0	0	0	0	0	0	0	0	0	0	0	0	0	0	0	0	0	0	0	0	0	0	0	0	0	
15175	Potent Helmet	109	0	0	0	0	0	0	0	0	0	0	0	0	0	0	0	0	0	0	0	0	0	0	0	0	0	0	0	
9953	Chieftain's Headdress	107	0	0	0	0	0	0	0	0	0	0	0	0	0	0	0	0	0	0	0	0	0	0	0	0	0	0	0	
15384	Rageclaw Helm	107	0	0	0	0	0	0	0	0	0	0	0	0	0	0	0	0	0	0	0	0	0	0	0	0	0	0	0	
19132	Crystal Adorned Crown	85	0	13	14	0	0	0	0	0	0	0	0	0	0	0	0	0	0	0	0	92	0	0	0	0	0	0	0	
22267	Spellweaver's Turban	73	0	0	9	0	0	0	0	0	0	0	0	0	0	0	0	36	0	1	0	0	0	0	0	0	0	0	0	
14332	Eternal Crown	67	0	0	0	0	0	0	0	0	0	0	0	0	0	0	0	0	0	0	0	0	0	0	0	0	0	0	0	
10250	Master's Hat	66	0	0	0	0	0	0	0	0	0	0	0	0	0	0	0	0	0	0	0	0	0	0	0	0	0	0	0	
10139	High Councillor's Circlet	65	0	0	0	0	0	0	0	0	0	0	0	0	0	0	0	0	0	0	0	0	0	0	0	0	0	0	0	
14322	Resplendent Circlet	65	0	0	0	0	0	0	0	0	0	0	0	0	0	0	0	0	0	0	0	0	0	0	0	0	0	0	0	
14312	Celestial Crown	64	0	0	0	0	0	0	0	0	0	0	0	0	0	0	0	0	0	0	0	0	0	0	0	0	0	0	0	
13216	Crown of the Penitent	64	0	0	20	0	0	0	0	0	0	0	0	0	0	0	0	0	0	0	0	0	6	0	0	0	0	0	0	
10219	Elegant Circlet	63	0	0	0	0	0	0	0	0	0	0	0	0	0	0	0	0	0	0	0	0	0	0	0	0	0	0	0	
14307	Bonecaster's Crown	62	0	0	0	0	0	0	0	0	0	0	0	0	0	0	0	0	0	0	0	0	0	0	0	0	0	0	0	
13866	Runecloth Headband	62	0	13	20	0	0	0	0	0	0	0	0	0	0	0	0	0	0	0	0	0	0	0	0	0	0	0	0	
14111	Felcloth Hood	61	0	0	10	0	0	0	0	0	0	0	0	0	0	0	0	0	0	0	0	0	0	0	0	0	0	0	0	
10097	Councillor's Circlet	60	0	0	0	0	0	0	0	0	0	0	0	0	0	0	0	0	0	0	0	0	0	0	0	0	0	0	0	
10630	Soulcatcher Halo	59	0	10	25	0	0	0	0	0	0	0	0	0	0	0	0	0	0	0	0	0	0	0	0	0	0	0	0	
10041	Dreamweave Circlet	58	0	12	10	0	0	0	0	0	0	0	0	0	0	0	0	21	0	0	0	0	0	0	0	0	0	0	0	
14293	Arachnidian Circlet	58	0	0	0	0	0	0	0	0	0	0	0	0	0	0	0	0	0	0	0	0	0	0	0	0	0	0	0	
10175	Mystical Headwrap	58	0	0	0	0	0	0	0	0	0	0	0	0	0	0	0	0	0	0	0	0	0	0	0	0	0	0	0	
15999	Spellpower Goggles Xtreme Plus	57	0	0	0	0	0	0	0	0	0	0	0	0	0	0	0	27	0	0	0	0	0	0	0	0	0	0	0	
8254	Imperial Red Circlet	56	0	15	16	0	0	0	0	0	0	0	0	0	0	0	0	0	0	0	0	0	0	0	0	0	0	0	0	
14281	Opulent Crown	56	0	0	0	0	0	0	0	0	0	0	0	0	0	0	0	0	0	0	0	0	0	0	0	0	0	0	0	
10061	Duskwoven Turban	54	0	0	0	0	0	0	0	0	0	0	0	0	0	0	0	0	0	0	0	0	0	0	0	0	0	0	0	
9940	Abjurer's Hood	53	0	0	0	0	0	0	0	0	0	0	0	0	0	0	0	0	0	0	0	0	0	0	0	0	0	0	0	
16795	Arcanist Crown	83	16	10	27	0	0	0	0	0	0	0	0	0	0	0	0	20	0	1	0	0	0	10	0	0	0	0	0	
16834	Cenarion Helm	163	26	13	28	0	0	0	0	0	0	0	0	0	0	0	0	12	0	0	0	0	0	10	0	0	0	0	0	
16813	Circlet of Prophecy	83	17	20	27	0	0	0	0	0	0	0	0	0	0	0	0	12	0	0	0	0	0	10	0	0	0	0	0	
16842	Earthfury Helmet	343	24	13	23	0	0	0	0	0	0	0	0	0	0	0	0	0	0	0	0	22	6	10	0	0	0	0	0	
16808	Felheart Horns	83	27	10	20	0	0	0	0	0	0	0	0	0	0	0	0	20	0	0	0	0	0	10	0	0	0	0	0	
16846	Giantstalker's Helmet	343	23	8	15	0	23	0	0	1	0	0	0	0	0	0	0	0	0	0	0	0	0	10	0	0	0	0	0	
16854	Lawbringer Helm	608	20	10	24	9	0	0	0	0	0	0	0	0	0	0	0	0	0	0	0	22	0	10	0	0	0	0	0	
16821	Nightslayer Cover	163	19	0	0	6	20	0	0	2	0	0	0	0	0	0	0	0	0	0	0	0	0	10	0	0	0	0	0	
16566	Warlord's Chain Helmet	432	28	0	12	0	34	0	0	1	0	0	0	0	0	0	0	0	0	0	0	0	0	0	0	0	0	0	0	
16550	Warlord's Dragonhide Helmet	209	19	7	15	20	19	0	0	1	0	0	0	0	0	0	0	18	0	0	0	0	0	0	0	0	0	0	0	
17591	Warlord's Dreadweave Hood	132	30	0	24	0	0	0	0	0	0	0	0	0	0	0	0	32	0	0	0	0	0	0	0	0	0	0	0	
16561	Warlord's Leather Helm	229	31	0	0	0	27	0	1	1	0	0	0	0	0	0	0	0	0	0	0	0	0	0	0	0	0	0	0	
16578	Warlord's Mail Helm	382	35	0	19	11	0	0	0	1	0	0	0	0	0	0	0	9	0	0	1	0	0	0	0	0	0	0	0	
17623	Warlord's Satin Cowl	162	30	0	28	0	0	0	0	0	0	0	0	0	0	0	0	33	0	0	0	0	4	0	0	0	0	0	0	
16533	Warlord's Silk Cowl	162	28	6	17	0	0	0	0	0	0	0	0	0	0	0	0	33	0	0	1	0	0	0	0	0	0	0	0	
16908	Bloodfang Hood	183	25	0	0	19	27	0	0	1	0	0	0	0	0	0	0	0	0	0	0	0	0	0	0	10	0	0	0	
16939	Dragonstalker's Helm	392	26	8	16	0	27	0	0	1	0	0	0	0	0	0	0	0	0	0	0	0	0	0	0	10	0	0	0	
16921	Halo of Transcendence	94	17	22	27	0	0	0	0	0	0	0	0	0	0	0	0	0	0	0	0	48	0	10	0	10	0	0	0	
16947	Helmet of Ten Storms	392	20	12	24	0	0	0	0	0	0	0	0	0	0	0	0	9	0	0	1	18	0	0	0	10	0	0	0	
16955	Judgement Crown	696	18	6	23	17	0	0	0	0	0	0	0	0	0	0	0	32	0	0	0	0	0	0	0	10	0	0	0	
16929	Nemesis Skullcap	94	26	6	16	0	0	0	0	0	0	0	0	0	0	0	0	32	0	0	0	0	0	0	0	10	0	0	0	
16914	Netherwind Crown	94	17	7	26	0	0	0	0	0	0	0	0	0	0	0	0	32	0	0	0	0	0	0	0	10	0	0	0	
16900	Stormrage Cover	183	20	12	31	0	0	0	0	0	0	0	0	0	0	0	0	0	0	0	0	29	6	0	0	10	0	0	0	
18404	Onyxia Tooth Pendant	0	9	0	0	0	12	0	1	1	0	0	0	0	0	0	0	0	0	0	0	0	0	10	0	0	0	0	0	
15411	Mark of Fordring	0	0	0	0	0	0	26	0	1	0	0	0	0	0	0	0	0	0	0	0	0	0	0	0	0	0	0	0	
22150	Beads of Ogre Might	0	7	0	0	0	0	24	1	0	0	0	0	0	0	0	0	0	0	0	0	0	0	0	0	0	0	0	0	
11933	Imperial Jewel	0	7	0	0	0	0	32	0	0	0	0	0	0	0	0	0	0	0	0	0	0	0	0	0	0	0	0	0	
17044	Will of the Martyr	0	10	0	0	0	0	30	0	0	0	0	0	0	0	0	0	0	0	0	0	0	0	0	0	0	0	0	0	
18205	Eskhandar's Collar	0	17	0	0	0	0	0	0	1	0	0	1	0	0	0	0	0	0	0	0	0	0	0	0	0	0	0	0	
12059	Conqueror's Medallion	0	11	5	0	10	4	0	0	0	0	0	0	0	0	0	0	0	0	0	0	0	0	0	0	0	0	0	0	
12929	Emberfury Talisman	0	8	5	0	0	0	0	0	1	0	0	0	0	0	0	0	0	0	0	0	0	0	7	0	0	0	0	0	
19159	Woven Ivy Necklace	0	10	0	0	6	9	0	0	0	0	0	0	0	0	0	0	0	0	0	0	0	0	0	0	0	0	0	0	
17065	Medallion of Steadfast Might	0	13	0	0	9	0	0	0	0	0	8	1	0	0	0	0	0	0	0	0	0	0	0	0	0	0	0	0	
17111	Blazefury Medallion	0	14	0	0	0	13	0	0	0	0	0	0	0	0	0	0	0	0	0	0	0	0	12	0	0	0	0	0	
18381	Evil Eye Pendant	0	0	0	0	0	15	0	0	0	0	7	0	0	0	0	0	0	0	0	0	0	0	0	0	0	0	0	0	
13177	Talisman of Evasion	0	0	0	0	0	13	0	0	0	0	0	1	0	0	0	0	0	0	0	0	0	0	0	0	0	0	0	0	
11755	Verek's Collar	0	7	0	0	6	0	0	0	0	0	0	1	0	0	0	0	0	0	0	0	0	0	0	0	0	0	0	0	
15704	Hunter's Insignia Medal	0	15	0	0	0	0	0	0	0	0	0	0	0	0	0	0	0	0	0	0	0	0	0	0	0	0	0	0	
16309	Drakefire Amulet	0	10	0	0	0	0	0	0	0	0	0	0	0	0	0	0	0	0	0	0	0	0	15	0	0	0	0	0	
15799	Heroic Commendation Medal	0	12	5	0	0	0	0	0	0	0	0	0	0	0	0	0	0	0	0	0	0	0	0	0	0	0	0	0	
1315	Lei of Lilies	0	10	15	0	0	0	0	0	0	0	0	0	0	0	0	0	0	0	0	0	0	0	0	0	0	0	0	0	
17707	Gemshard Heart	0	10	6	10	0	0	0	0	0	0	0	0	0	0	0	0	0	0	0	0	0	0	0	0	0	0	0	0	
20645	Nature's Whisper	0	10	0	5	0	0	0	0	0	0	0	0	0	0	0	0	0	0	0	0	0	0	0	8	0	0	0	0	
14558	Lady Maye's Pendant	0	10	10	19	0	0	0	0	0	0	0	0	0	0	0	0	0	0	0	0	0	0	0	0	0	0	0	0	
18340	Eidolon Talisman	0	9	0	0	0	0	0	0	0	0	0	0	0	0	0	0	0	0	0	0	0	0	0	0	0	0	0	0	
12103	Star of Mystaria	0	9	8	9	0	0	0	0	0	0	0	0	0	0	0	0	0	0	1	0	0	0	0	0	0	0	0	0	
17109	Choker of Enlightenment	0	9	10	10	0	0	0	0	0	0	0	0	0	0	0	0	18	0	0	0	0	0	0	0	0	0	0	0	
4743	Pulsating Crystalline Shard	0	8	8	0	0	0	0	0	0	0	0	0	0	0	0	0	0	0	0	0	0	0	0	0	0	0	0	0	
13002	Lady Alizabeth's Pendant	0	8	15	0	0	0	0	0	0	0	0	0	0	0	0	0	0	0	0	0	0	0	0	0	0	0	0	0	
15856	Archlight Talisman	0	8	10	10	0	0	0	0	0	0	0	0	0	0	0	0	0	0	0	0	0	0	0	0	0	0	0	0	
1443	Jeweled Amulet of Cainwyn	0	8	10	18	0	0	0	0	0	0	0	0	0	0	0	0	0	0	0	0	0	0	0	0	0	0	0	0	
18691	Dark Advisor's Pendant	0	8	0	7	0	0	0	0	0	0	0	0	0	0	0	0	0	0	0	0	0	0	0	0	0	0	0	0	
22403	Diana's Pearl Necklace	0	8	0	8	0	0	0	0	0	0	0	0	0	0	0	0	9	0	1	0	0	0	0	0	0	0	0	0	
18678	Tempestria's Frozen Necklace	0	8	0	5	0	0	0	0	0	0	0	0	0	0	0	0	0	0	0	0	0	0	0	0	15	0	0	0	
18397	Elder Magus Pendant	0	6	7	10	0	0	0	0	0	0	0	0	0	0	0	0	0	0	0	0	0	0	10	0	0	0	0	0	
13141	Tooth of Gnarr	0	8	0	14	0	0	0	0	0	0	0	0	0	0	0	0	0	0	0	0	0	3	0	0	0	0	0	0	
18289	Barbed Thorn Necklace	0	7	0	6	0	0	0	0	0	0	0	0	0	0	0	0	0	0	0	0	0	0	0	0	0	0	0	0	
13091	Medallion of Grand Marshal Morris	0	7	0	0	0	0	0	0	0	0	10	0	0	0	0	0	0	0	0	0	0	0	0	0	0	0	0	0	
13212	Halycon's Spiked Collar	0	7	0	0	0	0	0	0	0	0	0	0	0	0	0	0	0	0	0	0	0	0	0	0	0	0	0	0	
18723	Animated Chain Necklace	0	7	6	0	0	0	0	0	0	0	0	0	0	0	0	0	0	0	0	0	33	0	0	0	0	0	0	0	
18814	Choker of the Fire Lord	0	7	0	7	0	0	0	0	0	0	0	0	0	0	0	0	34	0	0	0	0	0	0	0	0	0	0	0	
10829	Dragon's Eye	0	6	15	0	0	0	0	0	0	0	0	0	0	0	0	0	0	0	0	0	0	0	0	0	0	0	0	0	
11196	Mindburst Medallion	0	5	5	6	0	0	0	0	0	0	0	0	0	0	0	0	0	0	0	0	0	0	0	0	0	0	0	0	
13960	Heart of the Fiend	0	5	15	5	0	0	0	0	0	0	0	0	0	0	0	0	0	0	0	0	0	0	0	0	0	0	0	0	
13085	Horizon Choker	0	4	4	14	0	0	0	0	0	0	0	0	0	0	0	0	0	0	0	0	0	0	0	0	0	0	0	0	
16623	Opaline Medallion	0	3	0	13	0	0	0	0	0	0	0	0	0	0	0	0	0	0	0	0	0	0	0	0	0	0	0	0	
10778	Necklace of Sanctuary	0	0	0	0	0	0	0	0	0	0	0	0	0	0	0	0	0	0	0	0	0	0	10	0	0	0	0	0	
12024	Vanadium Talisman	0	0	0	0	0	0	0	0	0	0	0	0	0	0	0	0	0	0	0	0	0	0	0	0	0	0	0	0	
12044	Arctic Pendant	0	0	0	0	0	0	0	0	0	0	0	0	0	0	0	0	0	0	0	0	0	0	0	0	0	0	0	0	
20037	Arcane Crystal Pendant	0	0	0	6	0	0	0	0	0	0	0	0	0	0	0	0	16	0	0	0	0	0	0	0	0	0	0	0	
11946	Fire Opal Necklace	0	0	0	0	0	0	0	0	0	0	0	0	0	0	0	0	0	0	0	0	0	0	0	0	0	0	0	0	
12034	Marble Necklace	0	0	0	0	0	0	0	0	0	0	0	0	0	0	0	0	0	0	0	0	0	0	0	0	0	0	0	0	
13473	Felstone Good Luck Charm	0	0	0	0	0	0	0	0	0	0	0	0	0	0	0	0	0	0	0	0	0	0	0	0	0	0	0	0	
12025	Selenium Chain	0	0	0	0	0	0	0	0	0	0	0	0	0	0	0	0	0	0	0	0	0	0	0	0	0	0	0	0	
12045	Swamp Pendant	0	0	0	0	0	0	0	0	0	0	0	0	0	0	0	0	0	0	0	0	0	0	0	0	0	0	0	0	
12035	Obsidian Pendant	0	0	0	0	0	0	0	0	0	0	0	0	0	0	0	0	0	0	0	0	0	0	0	0	0	0	0	0	
16009	Voice Amplification Modulator	0	0	0	0	0	0	0	0	0	0	0	0	0	0	0	0	0	0	0	0	0	0	0	0	0	0	0	0	
18317	Tempest Talisman	0	0	6	7	0	0	0	0	0	0	0	0	0	0	0	0	0	0	0	1	0	0	0	0	0	0	0	0	
12026	Quicksilver Pendant	0	0	0	0	0	0	0	0	0	0	0	0	0	0	0	0	0	0	0	0	0	0	0	0	0	0	0	0	
23125	Chains of the Lich	0	0	0	0	0	0	0	0	0	0	0	0	0	0	0	0	22	0	0	0	0	0	0	0	0	0	0	0	
12046	Jungle Necklace	0	0	0	0	0	0	0	0	0	0	0	0	0	0	0	0	0	0	0	0	0	0	0	0	0	0	0	0	
12036	Granite Necklace	0	0	0	0	0	0	0	0	0	0	0	0	0	0	0	0	0	0	0	0	0	0	0	0	0	0	0	0	
12027	Vermilion Necklace	0	0	0	0	0	0	0	0	0	0	0	0	0	0	0	0	0	0	0	0	0	0	0	0	0	0	0	0	
12048	Prismatic Pendant	0	0	0	0	0	0	0	0	0	0	0	0	0	0	0	0	0	0	0	0	0	0	0	0	0	0	0	0	
16544	Warlord's Plate Shoulders	626	23	0	0	18	16	0	1	0	0	0	0	0	0	0	0	0	0	0	0	0	0	0	0	0	0	0	0	
12927	Truestrike Shoulders	129	0	0	0	0	0	24	2	0	0	0	0	0	0	0	0	0	0	0	0	0	0	0	0	0	0	0	0	
15051	Black Dragonscale Shoulders	266	9	0	0	0	0	40	0	0	0	0	0	0	0	0	0	0	0	0	0	0	0	6	0	0	0	0	0	
20517	Razorsteel Shoulders	410	9	0	0	10	10	0	1	0	0	0	0	0	0	0	0	0	0	0	0	0	0	0	0	0	0	0	0	
16733	Spaulders of Valor	470	17	0	0	11	9	0	0	0	0	0	0	0	0	0	0	0	0	0	0	0	0	0	0	0	0	0	0	
22241	Dark Warder's Pauldrons	122	7	0	0	11	17	0	0	0	0	0	0	0	0	0	0	0	0	0	0	0	0	0	0	0	0	0	0	
12082	Wyrmhide Spaulders	113	0	0	0	0	0	0	2	0	0	0	0	0	0	0	0	0	0	0	0	0	0	0	0	0	0	0	0	
18374	Flamescarred Shoulders	131	11	0	0	12	12	0	0	0	0	0	0	0	0	0	0	0	0	0	0	0	0	10	0	0	0	0	0	
11874	Clouddrift Mantle	109	0	0	0	12	12	0	0	0	0	0	0	0	0	0	0	0	0	0	0	0	0	0	0	0	0	0	0	
13066	Wyrmslayer Spaulders	403	12	0	0	12	8	0	0	0	0	0	0	0	0	0	0	0	0	0	0	0	0	0	0	0	0	0	0	
18384	Bile-etched Spaulders	485	6	0	6	17	0	0	0	0	0	7	0	0	0	0	0	0	0	0	0	0	0	0	0	0	0	0	0	
16868	Pauldrons of Might	562	22	0	0	15	0	0	0	0	0	5	0	0	2	0	0	0	0	0	0	0	0	0	0	0	0	0	0	
14503	Death's Clutch	131	10	10	10	10	10	0	0	0	0	0	0	0	0	0	0	0	0	0	0	0	0	0	0	0	0	0	0	
18493	Bulky Iron Spaulders	470	12	5	0	15	0	0	0	0	0	6	0	0	0	0	0	0	0	0	0	0	0	0	0	0	0	0	0	
13405	Wailing Nightbane Pauldrons	448	14	0	0	14	0	0	0	0	0	3	0	0	0	0	0	0	0	0	0	0	0	0	0	0	0	0	0	
13358	Wyrmtongue Shoulders	132	10	0	0	0	23	0	0	0	0	0	0	0	0	0	0	0	0	0	0	0	0	0	0	0	0	0	0	
18742	Stratholme Militia Shoulderguard	266	9	0	0	0	22	0	0	0	0	0	0	0	0	0	0	0	0	0	0	0	0	0	0	0	0	0	0	
16708	Shadowcraft Spaulders	127	9	0	0	0	22	0	0	0	0	0	0	0	0	0	0	0	0	0	0	0	0	0	0	0	0	0	0	
11889	Bark Iron Pauldrons	360	0	8	0	11	5	0	0	0	0	0	0	0	0	0	0	0	0	0	0	0	0	0	0	0	0	0	0	
13116	Spaulders of the Unseen	129	7	0	4	0	22	0	0	0	0	0	0	0	0	0	0	0	0	0	0	0	0	0	0	0	0	0	0	
11632	Earthslag Shoulders	410	8	0	8	13	0	0	0	0	0	0	0	0	0	0	0	9	0	0	0	0	0	0	0	0	0	0	0	
15058	Stormshroud Shoulders	126	12	0	0	0	0	0	0	1	0	0	1	0	0	0	0	0	0	0	0	0	0	0	0	0	0	0	0	
9476	Big Bad Pauldrons	396	12	8	0	12	0	0	0	0	0	0	0	0	0	0	0	0	0	0	0	0	0	0	0	0	0	0	0	
12428	Imperial Plate Shoulders	380	11	0	0	12	0	0	0	0	0	0	0	0	0	0	0	0	0	0	0	0	0	0	0	0	0	0	0	
10374	Imbued Plate Pauldrons	421	0	13	0	13	0	0	0	0	0	0	0	0	0	0	0	0	0	0	0	0	0	0	0	0	0	0	0	
16729	Lightforge Spaulders	470	15	5	11	9	4	0	0	0	0	0	0	0	0	0	0	0	0	0	0	0	0	0	0	0	0	0	0	
13257	Demonic Runed Spaulders	126	12	0	14	12	0	0	0	0	0	0	0	0	0	0	0	0	0	0	0	0	0	0	0	0	0	0	0	
11871	Snarkshaw Spaulders	106	11	0	0	12	0	0	0	0	0	0	0	0	0	0	0	0	0	0	0	0	0	0	0	0	0	0	0	
8301	Traveler's Spaulders	114	0	13	0	13	0	0	0	0	0	0	0	0	0	0	0	0	0	0	0	0	0	0	0	0	0	0	0	
18686	Bone Golem Shoulders	274	9	0	9	0	19	0	0	0	0	0	0	0	0	0	0	0	0	0	0	0	0	0	0	0	0	0	0	
13166	Slamshot Shoulders	470	21	0	0	0	0	20	0	0	0	0	0	0	0	0	0	0	0	0	0	0	0	0	0	0	0	0	0	
8319	Alabaster Plate Pauldrons	393	0	12	0	12	0	0	0	0	0	0	0	0	0	0	0	0	0	0	0	0	0	0	0	0	0	0	0	
12557	Ebonsteel Spaulders	553	16	0	0	6	7	0	0	0	0	0	0	0	0	0	0	0	0	0	0	0	0	0	0	0	0	0	0	
11685	Splinthide Shoulders	118	10	0	10	11	0	0	0	0	0	0	0	0	0	0	0	9	0	0	0	0	0	0	0	0	0	0	0	
10745	Kaylari Shoulders	99	10	0	0	11	0	0	0	0	0	0	0	0	0	0	0	0	0	0	0	0	0	0	0	0	0	0	0	
15822	Shadowskin Spaulders	108	0	0	0	0	18	0	0	0	0	0	0	0	0	0	0	0	0	0	0	0	0	0	0	0	0	0	0	
16995	Duskwing Mantle	115	6	0	0	0	17	0	0	0	0	0	0	0	0	0	0	0	0	0	0	0	0	0	0	0	0	0	0	
17749	Phytoskin Spaulders	111	10	0	0	0	16	0	0	0	0	0	0	0	0	0	0	0	0	0	0	0	0	0	10	0	0	0	0	
14678	Pridelord Pauldrons	111	2	4	0	0	16	0	0	0	0	0	0	0	0	0	0	0	0	0	0	0	0	0	0	0	0	0	0	
22212	Golem Fitted Pauldrons	250	17	0	0	0	13	0	0	0	0	0	0	0	0	0	0	0	0	0	0	0	0	0	0	0	0	0	0	
16679	Beaststalker's Mantle	266	17	4	7	0	11	0	0	0	0	0	0	0	0	0	0	0	0	0	0	0	0	0	0	0	0	0	0	
14868	Warleader's Shoulders	434	17	0	0	6	0	0	0	0	0	0	0	0	0	0	0	0	0	0	0	0	0	0	0	0	0	0	0	
18699	Icy Tomb Spaulders	122	11	0	0	0	11	0	0	0	0	0	0	0	0	0	0	0	0	0	0	0	0	0	0	10	0	0	0	
16669	Pauldrons of Elements	266	14	6	15	6	0	0	0	0	0	0	0	0	0	0	0	0	0	0	0	0	0	0	0	0	0	0	0	
11722	Dregmetal Spaulders	246	5	10	15	6	0	0	0	0	0	0	0	0	0	0	0	0	0	0	0	0	0	0	0	0	0	0	0	
11916	Shizzle's Muzzle	108	6	12	0	6	0	0	0	0	0	0	0	0	0	0	0	0	0	0	0	0	0	0	0	0	0	0	0	
11963	Penance Spaulders	104	11	7	0	0	8	0	0	0	0	0	0	0	0	0	0	0	0	0	0	0	0	0	0	0	0	0	0	
14860	Vanguard Pauldrons	400	8	12	0	0	8	0	0	0	0	0	0	0	0	0	0	0	0	0	0	0	0	0	0	0	0	0	0	
14851	Sunscale Spaulders	366	13	4	0	0	5	0	0	0	0	0	0	0	0	0	0	0	0	0	0	0	0	0	0	0	0	0	0	
15812	Orchid Amice	54	4	3	15	4	0	0	0	0	0	0	0	0	0	0	0	0	0	0	0	0	0	0	0	0	0	0	0	
19139	Fireguard Shoulders	159	28	0	0	0	0	0	0	0	0	0	0	0	0	0	0	0	0	0	0	0	0	22	0	0	0	0	0	
8250	Imperial Red Mantle	51	0	0	15	0	4	0	0	0	0	0	0	0	0	0	0	0	0	0	0	0	0	0	0	0	0	0	0	
14552	Stockade Pauldrons	472	20	10	0	0	0	0	0	0	0	10	0	0	0	0	0	0	0	0	0	0	0	0	0	0	0	0	0	
19059	Argent Shoulders	68	23	8	0	0	0	0	0	0	0	0	0	0	0	0	0	0	0	0	0	0	0	0	0	0	0	0	0	
19058	Golden Mantle of the Dawn	134	22	0	0	0	0	0	0	0	0	0	1	0	0	0	0	0	0	0	0	0	0	0	0	0	0	0	0	
14538	Deadwalker Mantle	66	19	0	9	0	0	0	0	0	0	0	0	0	0	0	0	0	0	0	0	0	0	0	0	0	0	0	0	
22305	Ironweave Mantle	155	17	0	11	0	0	0	0	0	0	0	0	0	0	0	0	0	0	0	0	0	0	0	0	0	0	0	0	
14633	Necropile Mantle	65	17	9	11	0	0	0	0	0	0	0	0	0	0	0	0	0	0	0	0	0	0	0	0	0	0	0	0	
16988	Fiery Chain Shoulders	299	10	0	14	0	0	0	0	0	0	0	0	0	0	0	0	0	0	0	0	0	0	25	0	0	0	0	0	
18757	Diabolic Mantle	66	16	0	0	0	0	0	0	0	0	0	0	0	0	0	0	0	0	0	0	0	8	0	0	0	0	0	0	
11605	Dark Iron Shoulders	514	10	0	0	0	0	0	0	0	0	0	0	0	0	0	0	0	0	0	0	0	0	10	0	0	0	0	0	
15081	Heavy Scorpid Shoulders	245	14	13	0	0	0	0	0	0	0	0	0	0	0	0	0	0	0	0	0	0	0	0	0	0	0	0	0	
16701	Dreadmist Mantle	64	14	9	15	0	0	0	0	0	0	0	0	0	0	0	0	0	0	0	0	0	0	0	0	0	0	0	0	
16980	Flarecore Mantle	71	9	10	10	0	0	0	0	0	0	0	0	0	0	0	0	0	0	0	0	0	0	24	0	0	0	0	0	
18829	Deep Earth Spaulders	399	11	7	12	0	0	0	0	0	0	0	0	0	0	0	0	0	0	0	0	0	0	0	0	0	0	0	0	
15784	Crystal Breeze Mantle	57	12	13	0	0	0	0	0	0	0	0	0	0	0	0	0	0	0	0	0	0	0	0	0	0	0	0	0	
18810	Wild Growth Spaulders	159	11	10	12	0	0	0	0	0	0	0	0	0	0	0	0	0	0	0	0	62	0	0	0	0	0	0	0	
18494	Denwatcher's Shoulders	266	10	10	10	0	0	0	0	0	0	0	0	0	0	0	0	18	0	0	0	0	0	0	0	0	0	0	0	
18528	Cyclone Spaulders	129	11	9	11	0	0	0	0	0	0	0	0	0	0	0	0	14	0	0	0	0	0	0	0	0	0	0	0	
22412	Thuzadin Mantle	67	11	0	18	0	0	0	0	0	0	0	0	0	0	0	0	12	0	0	0	0	0	0	0	0	0	0	0	
22405	Mantle of the Scarlet Crusade	65	11	12	11	0	0	0	0	0	0	0	0	0	0	0	0	0	0	0	0	20	0	0	0	0	0	0	0	
14452	Highborne Pauldrons	53	11	12	0	0	0	0	0	0	0	0	0	0	0	0	0	0	0	0	0	0	0	0	0	0	0	0	0	
14806	Bloodlust Epaulets	231	9	0	14	0	0	0	0	0	0	0	0	0	0	0	0	0	0	0	0	0	0	0	0	0	0	0	0	
14797	Protector Pads	209	9	6	0	0	0	0	0	0	0	0	0	0	0	0	0	0	0	0	0	0	0	0	0	0	0	0	0	
14463	Elunarian Spaulders	60	10	10	10	0	0	0	0	0	0	0	0	0	0	0	0	0	0	0	0	0	0	0	0	0	0	0	0	
14548	Royal Cap Spaulders	274	8	13	9	0	0	0	0	0	0	0	0	0	0	0	0	0	0	0	0	26	0	0	0	0	0	0	0	
14817	Warstrike Shoulder Pads	249	8	0	16	0	0	0	0	0	0	0	0	0	0	0	0	0	0	0	0	0	0	0	0	0	0	0	0	
16718	Wildheart Spaulders	127	9	8	18	0	0	0	0	0	0	0	0	0	0	0	0	0	0	0	0	0	0	0	0	0	0	0	0	
14139	Mooncloth Shoulders	65	9	11	17	0	0	0	0	0	0	0	0	0	0	0	0	0	0	0	0	0	0	0	0	0	0	0	0	
13133	Drakesfire Epaulets	270	5	15	14	0	0	0	0	0	0	0	0	0	0	0	0	0	0	0	0	0	0	10	0	0	0	0	0	
15061	Living Shoulders	117	8	13	0	0	0	0	0	0	0	0	0	0	0	0	0	0	0	0	0	31	0	0	3	0	0	0	0	
12109	Azure Moon Amice	56	8	0	15	0	0	0	0	0	0	0	0	0	0	0	0	0	0	0	0	0	0	0	0	0	0	0	0	
15792	Plow Wood Spaulders	113	6	6	15	0	0	0	0	0	0	0	0	0	0	0	0	0	0	0	0	0	0	0	0	0	0	0	0	
14669	Keeper's Mantle	101	6	0	14	0	0	0	0	0	0	0	0	0	0	0	0	0	0	0	0	0	0	0	0	0	0	0	0	
16689	Magister's Mantle	64	6	6	22	0	0	0	0	0	0	0	0	0	0	0	0	0	0	0	0	0	0	0	0	0	0	0	0	
12610	Runic Plate Shoulders	527	0	0	0	0	0	0	0	0	0	0	0	0	0	0	0	0	0	0	0	0	0	10	10	0	0	0	0	
13955	Stoneform Shoulders	688	0	0	0	0	0	0	0	0	0	7	0	0	0	0	0	0	0	0	0	0	0	0	0	0	0	0	0	
11782	Boreal Mantle	61	5	0	8	0	0	0	0	0	0	0	0	0	0	0	0	0	0	0	0	0	0	0	0	0	0	0	0	
22234	Mantle of Lost Hope	57	5	0	11	0	0	0	0	0	0	0	0	0	0	0	0	0	0	0	0	26	3	0	0	0	0	0	0	
11624	Kentic Amice	56	5	6	13	0	0	0	0	0	0	0	0	0	0	0	0	14	0	0	0	0	0	0	0	0	0	0	0	
15055	Volcanic Shoulders	167	0	0	0	0	0	0	0	0	0	0	0	0	0	0	0	0	0	0	0	0	0	18	0	0	0	0	0	
13185	Sunderseer Mantle	65	4	11	17	0	0	0	0	0	0	0	0	0	0	0	0	8	0	0	0	0	0	0	0	0	0	0	0	
16695	Devout Mantle	64	4	9	21	0	0	0	0	0	0	0	0	0	0	0	0	0	0	0	0	0	0	0	0	0	0	0	0	
8288	Arcane Pads	57	4	0	18	0	0	0	0	0	0	0	0	0	0	0	0	0	0	0	0	0	0	0	0	0	0	0	0	
12625	Dawnbringer Shoulders	455	0	10	0	0	0	0	0	0	0	0	0	0	0	0	0	0	0	0	0	44	0	0	0	0	0	0	0	
10390	Hyperion Pauldrons	448	0	0	0	0	0	0	0	0	0	0	0	0	0	0	0	0	0	0	0	0	0	0	0	0	0	0	0	
14981	Exalted Epaulets	441	0	0	0	0	0	0	0	0	0	0	0	0	0	0	0	0	0	0	0	0	0	0	0	0	0	0	0	
13533	Acid-etched Pauldrons	434	0	0	0	0	0	0	0	0	0	0	0	0	0	0	0	0	0	0	0	0	0	0	20	0	0	0	0	
10383	Commander's Pauldrons	434	0	0	0	0	0	0	0	0	0	0	0	0	0	0	0	0	0	0	0	0	0	0	0	0	0	0	0	
14937	Heroic Pauldrons	421	0	0	0	0	0	0	0	0	0	0	0	0	0	0	0	0	0	0	0	0	0	0	0	0	0	0	0	
10281	Emerald Pauldrons	414	0	0	0	0	0	0	0	0	0	0	0	0	0	0	0	0	0	0	0	0	0	0	0	0	0	0	0	
14971	Glorious Shoulder Pads	407	0	0	0	0	0	0	0	0	0	0	0	0	0	0	0	0	0	0	0	0	0	0	0	0	0	0	0	
10170	Templar Pauldrons	400	0	0	0	0	0	0	0	0	0	0	0	0	0	0	0	0	0	0	0	0	0	0	0	0	0	0	0	
14929	Lofty Shoulder Pads	387	0	0	0	0	0	0	0	0	0	0	0	0	0	0	0	0	0	0	0	0	0	0	0	0	0	0	0	
10245	Heavy Lamellar Pauldrons	380	0	0	0	0	0	0	0	0	0	0	0	0	0	0	0	0	0	0	0	0	0	0	0	0	0	0	0	
14963	High Chief's Pauldrons	380	0	0	0	0	0	0	0	0	0	0	0	0	0	0	0	0	0	0	0	0	0	0	0	0	0	0	0	
10134	Revenant Shoulders	366	0	0	0	0	0	0	0	0	0	0	0	0	0	0	0	0	0	0	0	0	0	0	0	0	0	0	0	
10209	Overlord's Spaulders	360	0	0	0	0	0	0	0	0	0	0	0	0	0	0	0	0	0	0	0	0	0	0	0	0	0	0	0	
12588	Bonespike Shoulder	278	0	0	0	0	0	0	0	0	0	0	0	0	0	0	0	0	0	0	0	0	0	0	0	0	0	0	0	
15049	Blue Dragonscale Shoulders	262	0	6	21	0	0	0	0	0	0	0	0	0	0	0	0	0	0	0	0	0	0	0	0	0	0	0	0	
10274	Masterwork Pauldrons	253	0	0	0	0	0	0	0	0	0	0	0	0	0	0	0	0	0	0	0	0	0	0	0	0	0	0	0	
15686	Triumphant Shoulder Pads	253	0	0	0	0	0	0	0	0	0	0	0	0	0	0	0	0	0	0	0	0	0	0	0	0	0	0	0	
10163	Mercurial Pauldrons	249	0	0	0	0	0	0	0	0	0	0	0	0	0	0	0	0	0	0	0	0	0	0	0	0	0	0	0	
11842	Lead Surveyor's Mantle	246	0	8	14	0	0	0	0	0	0	0	0	0	0	0	0	15	0	0	0	0	0	0	0	0	0	0	0	
15677	Magnificent Shoulders	245	0	0	0	0	0	0	0	0	0	0	0	0	0	0	0	0	0	0	0	0	0	0	0	0	0	0	0	
8310	Hero's Pauldrons	242	0	13	13	0	0	0	0	0	0	0	0	0	0	0	0	0	0	0	0	0	0	0	0	0	0	0	0	
13538	Windshrieker Pauldrons	242	0	0	0	0	0	0	0	0	0	0	0	0	0	0	0	0	0	0	0	0	0	0	0	0	0	0	0	
15666	Impenetrable Pauldrons	238	0	0	0	0	0	0	0	0	0	0	0	0	0	0	0	0	0	0	0	0	0	0	0	0	0	0	0	
10237	Engraved Pauldrons	234	0	0	0	0	0	0	0	0	0	0	0	0	0	0	0	0	0	0	0	0	0	0	0	0	0	0	0	
10125	Ornate Pauldrons	227	0	0	0	0	0	0	0	0	0	0	0	0	0	0	0	0	0	0	0	0	0	0	0	0	0	0	0	
8272	Ebonhold Shoulderpads	220	0	11	12	0	0	0	0	0	0	0	0	0	0	0	0	0	0	0	0	0	0	0	0	0	0	0	0	
15656	Merciless Epaulets	220	0	0	0	0	0	0	0	0	0	0	0	0	0	0	0	0	0	0	0	0	0	0	0	0	0	0	0	
10200	Crusader's Pauldrons	216	0	0	0	0	0	0	0	0	0	0	0	0	0	0	0	0	0	0	0	0	0	0	0	0	0	0	0	
15647	Ironhide Pauldrons	216	0	0	0	0	0	0	0	0	0	0	0	0	0	0	0	0	0	0	0	0	0	0	0	0	0	0	0	
10085	Lord's Pauldrons	212	0	0	0	0	0	0	0	0	0	0	0	0	0	0	0	0	0	0	0	0	0	0	0	0	0	0	0	
8133	Myrmidon's Pauldrons	205	0	10	11	0	0	0	0	0	0	0	0	0	0	0	0	0	0	0	0	0	0	0	0	0	0	0	0	
10783	Atal'ai Spaulders	193	0	0	0	0	0	0	0	0	0	0	0	0	0	0	0	0	0	0	0	0	0	0	0	0	0	0	0	
13961	Halycon's Muzzle	127	0	5	22	0	0	0	0	0	0	0	0	0	0	0	0	0	0	0	0	0	0	0	0	0	0	0	0	
10263	Adventurer's Shoulders	120	0	0	0	0	0	0	0	0	0	0	0	0	0	0	0	0	0	0	0	0	0	0	0	0	0	0	0	
15441	Supreme Shoulders	120	0	0	0	0	0	0	0	0	0	0	0	0	0	0	0	0	0	0	0	0	0	0	0	0	0	0	0	
10153	Mighty Spaulders	119	0	0	0	0	0	0	0	0	0	0	0	0	0	0	0	0	0	0	0	0	0	0	0	0	0	0	0	
15096	Runic Leather Shoulders	119	0	10	15	0	0	0	0	0	0	0	0	0	0	0	0	0	0	0	0	0	0	0	0	0	0	0	0	
15067	Ironfeather Shoulders	117	0	8	20	0	0	0	0	0	0	0	0	0	0	0	0	0	0	0	0	0	0	0	0	0	0	0	0	
14688	Indomitable Epaulets	117	0	5	18	0	0	0	0	0	0	0	0	0	0	0	0	0	0	0	0	0	0	0	0	0	0	0	0	
10228	Nightshade Spaulders	115	0	0	0	0	0	0	0	0	0	0	0	0	0	0	0	0	0	0	0	0	0	0	0	0	0	0	0	
15693	Grand Shoulders	114	0	0	0	0	0	0	0	0	0	0	0	0	0	0	0	0	0	0	0	0	0	0	0	0	0	0	0	
15432	Peerless Shoulders	113	0	0	0	0	0	0	0	0	0	0	0	0	0	0	0	0	0	0	0	0	0	0	0	0	0	0	0	
10113	Wanderer's Shoulders	111	0	0	0	0	0	0	0	0	0	0	0	0	0	0	0	0	0	0	0	0	0	0	0	0	0	0	0	
10189	Swashbuckler's Shoulderpads	108	0	0	0	0	0	0	0	0	0	0	0	0	0	0	0	0	0	0	0	0	0	0	0	0	0	0	0	
15187	Praetorian Pauldrons	106	0	0	0	0	0	0	0	0	0	0	0	0	0	0	0	0	0	0	0	0	0	0	0	0	0	0	0	
15395	Jadefire Epaulets	104	0	0	0	0	0	0	0	0	0	0	0	0	0	0	0	0	0	0	0	0	0	0	0	0	0	0	0	
8263	Serpentskin Spaulders	104	0	11	12	0	0	0	0	0	0	0	0	0	0	0	0	0	0	0	0	0	0	0	0	0	0	0	0	
10075	Righteous Spaulders	101	0	0	0	0	0	0	0	0	0	0	0	0	0	0	0	0	0	0	0	0	0	0	0	0	0	0	0	
9955	Chieftain's Shoulders	99	0	0	0	0	0	0	0	0	0	0	0	0	0	0	0	0	0	0	0	0	0	0	0	0	0	0	0	
19050	Mantle of the Timbermaw	68	0	0	21	0	0	0	0	0	0	0	0	0	0	0	0	0	0	0	0	0	6	0	0	0	0	0	0	
18720	Shroud of the Nathrezim	67	0	10	16	0	0	0	0	0	0	0	0	0	0	0	0	0	0	0	1	0	0	0	0	0	0	0	0	
18681	Burial Shawl	65	0	0	16	0	0	0	0	0	0	0	0	0	0	0	0	20	0	0	0	0	0	0	0	0	0	0	0	
13374	Soulstealer Mantle	64	0	9	22	0	0	0	0	0	0	0	0	0	0	0	0	0	0	0	0	0	0	0	0	0	0	0	0	
14335	Eternal Spaulders	61	0	0	0	0	0	0	0	0	0	0	0	0	0	0	0	0	0	0	0	0	0	0	0	0	0	0	0	
10253	Master's Mantle	61	0	0	0	0	0	0	0	0	0	0	0	0	0	0	0	0	0	0	0	0	0	0	0	0	0	0	0	
13013	Elder Wizard's Mantle	60	0	0	20	0	0	0	0	0	0	0	0	0	0	0	0	11	0	0	0	0	0	0	0	0	0	0	0	
14112	Felcloth Shoulders	60	0	5	0	0	0	0	0	0	0	0	0	0	0	0	0	0	0	0	0	0	0	0	0	0	0	0	0	
10142	High Councillor's Mantle	60	0	0	0	0	0	0	0	0	0	0	0	0	0	0	0	0	0	0	0	0	0	0	0	0	0	0	0	
14325	Resplendent Epaulets	59	0	0	0	0	0	0	0	0	0	0	0	0	0	0	0	0	0	0	0	0	0	0	0	0	0	0	0	
13867	Runecloth Shoulders	59	0	10	15	0	0	0	0	0	0	0	0	0	0	0	0	0	0	0	0	0	0	0	0	0	0	0	0	
10210	Elegant Mantle	58	0	0	0	0	0	0	0	0	0	0	0	0	0	0	0	0	0	0	0	0	0	0	0	0	0	0	0	
17732	Rotgrip Mantle	57	0	11	17	0	0	0	0	0	0	0	0	0	0	0	0	0	0	0	0	0	0	0	0	0	0	0	0	
14316	Celestial Pauldrons	57	0	0	0	0	0	0	0	0	0	0	0	0	0	0	0	0	0	0	0	0	0	0	0	0	0	0	0	
10100	Councillor's Shoulders	55	0	0	0	0	0	0	0	0	0	0	0	0	0	0	0	0	0	0	0	0	0	0	0	0	0	0	0	
10172	Mystical Mantle	54	0	0	0	0	0	0	0	0	0	0	0	0	0	0	0	0	0	0	0	0	0	0	0	0	0	0	0	
14298	Bonecaster's Spaulders	54	0	0	0	0	0	0	0	0	0	0	0	0	0	0	0	0	0	0	0	0	0	0	0	0	0	0	0	
14296	Arachnidian Pauldrons	51	0	0	0	0	0	0	0	0	0	0	0	0	0	0	0	0	0	0	0	0	0	0	0	0	0	0	0	
10063	Duskwoven Amice	50	0	0	0	0	0	0	0	0	0	0	0	0	0	0	0	0	0	0	0	0	0	0	0	0	0	0	0	
14278	Opulent Mantle	49	0	0	0	0	0	0	0	0	0	0	0	0	0	0	0	0	0	0	0	0	0	0	0	0	0	0	0	
16797	Arcanist Mantle	76	10	5	21	0	0	0	0	0	0	0	0	0	0	0	0	14	0	0	0	0	0	0	0	0	0	0	0	
16836	Cenarion Spaulders	150	13	10	20	0	0	0	0	0	0	0	0	0	0	0	0	0	0	0	0	18	0	0	0	0	0	0	0	
16844	Earthfury Epaulets	317	17	10	18	0	0	0	0	0	0	0	0	0	0	0	0	0	0	0	0	18	0	0	0	0	0	0	0	
16807	Felheart Shoulder Pads	76	25	7	17	0	0	0	0	0	0	0	0	0	0	0	0	9	0	0	0	0	0	0	0	0	0	0	0	
16848	Giantstalker's Epaulets	317	14	9	5	0	24	0	1	0	0	0	0	0	0	0	0	0	0	0	0	0	0	0	0	0	0	0	0	
16856	Lawbringer Spaulders	562	22	8	15	10	0	0	0	0	0	0	0	0	0	0	0	0	0	0	0	18	0	0	0	0	0	0	0	
16816	Mantle of Prophecy	76	13	10	23	0	0	0	0	0	0	0	0	0	0	0	0	9	0	0	0	0	0	0	0	0	0	0	0	
16823	Nightslayer Shoulder Pads	150	12	0	0	3	26	0	1	0	0	0	0	0	0	0	0	0	0	0	0	0	0	0	0	0	0	0	0	
16568	Warlord's Chain Shoulders	403	21	0	10	0	26	0	1	0	0	0	0	0	0	0	0	0	0	0	0	0	0	0	0	0	0	0	0	
16551	Warlord's Dragonhide Epaulets	215	13	11	11	14	14	0	0	0	0	0	0	0	0	0	0	18	0	0	0	0	0	0	0	0	0	0	0	
17590	Warlord's Dreadweave Mantle	115	24	0	17	0	0	0	0	0	0	0	0	0	0	0	0	25	0	0	0	0	0	0	0	0	0	0	0	
16562	Warlord's Leather Spaulders	215	27	0	0	0	21	0	1	0	0	0	0	0	0	0	0	0	0	0	0	0	0	0	0	0	0	0	0	
16580	Warlord's Mail Spaulders	353	18	0	18	17	9	0	0	0	0	0	0	0	0	0	0	16	0	0	0	0	0	0	0	0	0	0	0	
17622	Warlord's Satin Mantle	145	22	0	20	0	0	0	0	0	0	0	0	0	0	0	0	25	0	0	0	0	0	0	0	0	0	0	0	
16536	Warlord's Silk Amice	135	21	5	15	0	0	0	0	0	0	0	0	0	0	0	0	25	-10	0	0	0	0	0	0	0	0	0	0	
11726	Savage Gladiator Chain	369	13	0	0	13	14	0	0	2	0	0	0	0	0	0	0	0	0	0	0	0	0	0	0	0	0	0	0	
14637	Cadaverous Armor	172	0	0	0	8	8	60	0	0	0	0	0	0	0	0	0	0	0	0	0	0	0	0	0	0	0	0	0	
16541	Warlord's Plate Armor	875	33	0	0	16	14	0	0	1	0	0	0	0	0	0	0	0	0	0	0	0	0	0	0	0	0	0	0	
12757	Breastplate of Bloodthirst	190	20	0	0	13	0	0	0	2	0	0	1	0	0	0	0	0	0	0	0	0	0	0	0	0	0	0	0	
15050	Black Dragonscale Breastplate	344	8	0	0	0	0	50	0	0	0	0	0	0	0	0	0	0	0	0	0	0	0	12	0	0	0	0	0	
22872	Legionnaire's Plate Hauberk	706	23	0	0	21	0	0	0	1	0	0	0	0	0	0	0	0	0	0	0	0	0	0	0	0	0	0	0	
13944	Tombstone Breastplate	174	10	0	0	10	0	0	0	2	0	0	0	0	0	0	0	0	0	0	0	0	0	0	0	0	0	0	0	
18530	Ogre Forged Hauberk	365	13	0	8	8	20	0	0	1	0	0	0	0	0	0	0	0	0	0	0	0	0	0	0	0	0	0	0	
11926	Deathdealer Breastplate	338	8	0	0	8	0	0	0	2	0	0	0	0	0	0	0	0	0	0	0	0	0	0	0	0	0	0	0	
12895	Breastplate of the Chromatic Flight	706	30	0	0	20	10	0	0	0	0	0	0	0	0	0	0	0	0	0	0	0	0	15	0	0	0	0	0	
12603	Nightbrace Tunic	172	10	0	0	0	5	50	0	0	0	0	0	0	0	0	0	0	0	0	0	0	0	10	0	0	0	0	0	
14536	Bonebrace Hauberk	360	0	4	13	0	0	56	0	0	0	0	0	0	0	0	0	0	0	0	0	0	0	0	0	0	0	0	0	
22274	Grizzled Pelt	151	11	0	0	17	16	0	0	0	0	0	0	0	0	0	0	0	0	0	0	0	0	0	0	0	0	0	0	
12793	Mixologist's Tunic	158	18	0	0	18	11	0	0	0	0	0	0	0	0	0	0	0	0	0	0	0	0	0	0	0	0	0	0	
15056	Stormshroud Armor	163	0	0	0	0	0	0	0	2	0	0	1	0	0	0	0	0	0	0	0	0	0	0	0	0	0	0	0	
11195	Warforged Chestplate	543	2	0	0	24	0	0	0	0	0	0	0	0	0	0	0	0	0	0	0	0	0	0	0	0	0	0	0	
16730	Breastplate of Valor	657	24	6	0	15	10	0	0	0	0	0	0	0	0	0	0	0	0	0	0	0	0	0	0	0	0	0	0	
16865	Breastplate of Might	749	28	0	0	20	0	0	0	0	0	7	0	0	3	0	0	0	0	0	0	0	0	10	0	0	0	0	0	
9650	Honorguard Chestpiece	298	3	0	3	22	0	0	0	0	0	0	0	0	0	0	0	0	0	0	0	0	0	0	0	0	0	0	0	
13378	Songbird Blouse	165	13	13	13	13	13	0	0	0	0	0	0	0	0	0	0	0	0	0	0	0	0	0	0	0	0	0	0	
13394	Skul's Cold Embrace	617	20	0	0	19	0	0	0	0	0	6	0	0	0	0	0	0	0	0	0	0	0	0	0	10	0	0	0	
13067	Hydralick Armor	567	20	0	0	13	8	0	0	0	0	0	0	0	0	0	0	0	0	0	0	0	0	10	0	0	0	0	0	
8274	Valorous Chestguard	489	0	3	0	20	0	0	0	0	0	0	0	0	0	0	0	0	0	0	0	0	0	0	0	0	0	0	0	
11678	Carapace of Anub'shiah	577	22	0	0	11	11	0	0	0	0	0	0	0	0	0	0	0	0	0	0	0	0	0	0	0	0	0	0	
12422	Imperial Plate Chest	570	17	0	0	18	0	0	0	0	0	0	0	0	0	0	0	0	0	0	0	0	0	0	0	0	0	0	0	
15825	Traphook Jerkin	152	0	0	0	5	24	0	0	0	0	0	0	0	0	0	0	0	0	0	0	0	0	0	0	0	0	0	0	
16674	Beaststalker's Tunic	370	16	6	13	5	21	0	0	0	0	0	0	0	0	0	0	0	0	0	0	0	0	0	0	0	0	0	0	
11820	Royal Decorated Armor	344	26	0	0	8	12	0	0	0	0	0	0	0	0	0	0	0	0	0	0	0	0	0	0	0	0	0	0	
18503	Kromcrush's Chestplate	777	16	0	0	16	0	0	0	0	0	10	0	0	0	0	0	0	0	0	0	0	0	0	0	0	0	0	0	
11193	Blazewind Breastplate	148	5	0	0	3	23	0	0	0	0	0	0	0	0	0	0	0	0	0	0	0	0	0	0	0	0	0	0	
8312	Alabaster Breastplate	543	3	3	0	17	0	0	0	0	0	0	0	0	0	0	0	0	0	0	0	0	0	0	0	0	0	0	0	
16721	Shadowcraft Tunic	176	13	12	0	0	26	0	0	0	0	0	0	0	0	0	0	0	0	0	0	0	0	0	0	0	0	0	0	
10368	Imbued Plate Armor	588	14	14	0	15	0	0	0	0	0	0	0	0	0	0	0	0	0	0	0	0	0	0	0	0	0	0	0	
17742	Fungus Shroud Armor	148	10	0	0	0	25	0	0	0	0	0	0	0	0	0	0	0	0	0	0	0	0	0	0	0	0	0	0	
15085	Wicked Leather Armor	156	7	0	0	0	25	0	0	0	0	0	0	0	0	0	0	0	0	0	0	0	0	0	0	0	0	0	0	
14798	Bloodlust Breastplate	317	20	0	0	9	8	0	0	0	0	0	0	0	0	0	0	0	0	0	0	0	0	0	0	0	0	0	0	
11633	Spiderfang Carapace	567	14	0	13	14	0	0	0	0	0	0	0	0	0	0	0	13	0	0	0	0	0	0	0	0	0	0	0	
16726	Lightforge Breastplate	657	21	8	16	13	0	0	0	0	0	0	0	0	0	0	0	0	0	0	0	0	0	0	0	0	0	0	0	
14670	Pridelord Armor	152	5	0	0	0	24	0	0	0	0	0	0	0	0	0	0	0	0	0	0	0	0	0	0	0	0	0	0	
18312	Energized Chestplate	617	20	0	12	13	0	0	0	0	0	0	0	0	0	0	0	0	0	0	0	0	5	0	0	0	0	0	0	
12618	Enchanted Thorium Breastplate	657	26	0	0	12	0	0	0	0	0	9	0	0	0	0	0	0	0	0	0	0	0	0	0	0	0	0	0	
13168	Plate of the Shaman King	627	15	0	15	12	0	0	0	0	0	0	0	0	0	0	0	18	0	0	0	0	0	0	0	0	0	0	0	
21320	Vest of the Den Watcher	313	12	0	0	0	20	0	0	0	0	0	0	0	0	0	0	0	0	0	0	0	0	0	0	0	0	0	0	
18478	Hyena Hide Jerkin	154	13	0	0	0	20	0	0	0	0	0	0	0	0	0	0	0	0	0	0	0	0	0	0	0	0	0	0	
15064	Warbear Harness	158	27	0	0	11	0	0	0	0	0	0	0	0	0	0	0	0	0	0	0	0	0	0	0	0	0	0	0	
15787	Willow Band Hauberk	317	10	0	6	0	20	0	0	0	0	0	0	0	0	0	0	0	0	0	0	0	0	0	0	0	0	0	0	
12049	Splintsteel Armor	288	12	12	0	12	0	0	0	0	0	0	0	0	0	0	0	0	0	0	0	0	0	0	0	0	0	0	0	
19127	Charred Leather Tunic	132	8	0	0	0	18	0	0	0	0	0	0	0	0	0	0	0	0	0	0	0	0	0	0	0	0	0	0	
14611	Bloodmail Hauberk	360	15	10	15	10	0	0	0	0	0	0	1	0	0	0	0	0	0	0	0	0	0	0	0	0	0	0	0	
10784	Atal'ai Breastplate	311	0	0	0	0	0	22	0	0	0	0	0	0	0	0	0	0	0	0	0	0	0	0	0	0	0	0	0	
21322	Ursa's Embrace	552	0	0	0	0	17	0	0	0	0	10	0	0	0	0	0	0	0	0	0	0	0	0	0	0	0	0	0	
14862	Warleader's Breastplate	597	25	0	0	8	0	0	0	0	0	0	0	0	0	0	0	0	0	0	0	0	0	0	0	0	0	0	0	
19128	Seared Mail Vest	273	11	0	11	0	11	0	0	0	0	0	0	0	0	0	0	0	0	0	0	0	0	0	0	0	0	0	0	
14854	Vanguard Breastplate	561	22	7	0	0	6	0	0	0	0	0	0	0	0	0	0	0	0	0	0	0	0	0	0	0	0	0	0	
14789	Protector Breastplate	293	21	4	0	4	0	0	0	0	0	0	0	0	0	0	0	0	0	0	0	0	0	0	0	0	0	0	0	
14464	Elunarian Silk Robes	82	12	21	0	5	0	0	0	0	0	0	0	0	0	0	0	0	0	0	0	0	0	0	0	0	0	0	0	
14456	Elunarian Vest	82	12	21	0	5	0	0	0	0	0	0	0	0	0	0	0	0	0	0	0	0	0	0	0	0	0	0	0	
8119	Heraldic Breastplate	135	20	0	0	4	0	0	0	0	0	0	0	0	0	0	0	0	0	0	0	0	0	0	0	0	0	0	0	
15824	Astoria Robes	76	0	10	20	5	0	0	0	0	0	0	0	0	0	0	0	0	0	0	0	0	0	0	0	0	0	0	0	
11876	Plainstalker Tunic	146	23	0	0	0	4	0	0	0	0	0	0	0	0	0	0	0	0	0	0	0	0	0	0	0	0	0	0	
1981	Icemail Jerkin	294	15	24	0	0	5	0	0	0	0	0	0	0	0	0	0	0	0	0	0	0	0	0	0	10	0	0	0	
10781	Hakkari Breastplate	144	22	0	0	0	4	0	0	0	0	0	0	0	0	0	0	0	0	0	0	0	0	0	0	0	0	0	0	
14811	Warstrike Chestguard	342	10	23	0	3	0	0	0	0	0	0	0	0	0	0	0	0	0	0	0	0	0	0	0	0	0	0	0	
14664	Keeper's Armor	142	9	18	0	0	5	0	0	0	0	0	0	0	0	0	0	0	0	0	0	0	0	0	0	0	0	0	0	
10845	Warrior's Embrace	567	11	0	0	0	4	0	0	0	0	0	2	0	0	0	0	0	0	0	0	0	0	0	0	0	0	0	0	
19156	Flarecore Robe	102	35	0	0	0	0	0	0	0	0	0	0	0	0	0	0	23	0	0	0	0	0	15	0	0	0	0	0	
15413	Ornate Adamantium Breastplate	807	22	0	0	0	0	0	0	0	0	10	0	0	0	0	0	0	0	0	0	0	0	0	0	0	0	0	0	
15827	Jadescale Breastplate	317	23	7	0	0	0	0	0	0	0	0	0	0	0	0	0	0	0	0	0	0	0	0	0	0	0	0	0	
14844	Sunscale Chestguard	515	21	6	0	0	0	0	0	0	0	0	0	0	0	0	0	0	0	0	0	0	0	0	0	0	0	0	0	
8265	Ebonhold Armor	303	22	0	6	0	0	0	0	0	0	0	0	0	0	0	0	0	0	0	0	0	0	0	0	0	0	0	0	
14626	Necropile Robe	87	22	12	12	0	0	0	0	0	0	0	0	0	0	0	0	8	0	0	0	0	0	0	0	0	0	0	0	
11604	Dark Iron Plate	817	12	0	0	0	0	0	0	0	0	0	0	0	0	0	0	0	0	0	0	0	0	19	0	0	0	0	0	
8126	Myrmidon's Breastplate	278	19	6	0	0	0	0	0	0	0	0	0	0	0	0	0	0	0	0	0	0	0	0	0	0	0	0	0	
13314	Alanna's Embrace	96	20	20	20	0	0	0	0	0	0	0	0	0	0	0	0	20	0	0	0	0	0	0	0	0	0	0	0	
16700	Dreadmist Robe	89	20	13	21	0	0	0	0	0	0	0	0	0	0	0	0	0	0	0	0	0	0	0	0	0	0	0	0	
17050	Chan's Imperial Robes	75	20	10	10	0	0	0	0	0	0	0	0	0	0	0	0	0	0	0	0	0	0	0	5	0	0	0	0	
14445	Venomshroud Silk Robes	70	20	11	0	0	0	0	0	0	0	0	0	0	0	0	0	0	0	0	0	0	0	0	4	0	0	0	0	
13123	Dreamwalker Armor	365	17	20	20	0	0	0	0	0	0	0	0	0	0	0	0	0	0	0	0	0	0	0	0	0	0	0	0	
11924	Robes of the Royal Crown	85	19	10	12	0	0	0	0	0	0	0	0	0	0	0	0	18	0	0	0	0	0	0	0	0	0	0	0	
11606	Dark Iron Mail	433	13	0	0	0	0	0	0	0	0	0	0	0	0	0	0	0	0	0	0	0	0	12	0	0	0	0	0	
14437	Venomshroud Vest	70	18	9	0	0	0	0	0	0	0	0	0	0	0	0	0	0	0	0	0	0	0	0	4	0	0	0	0	
15076	Heavy Scorpid Vest	288	16	15	0	0	0	0	0	0	0	0	0	0	0	0	0	0	0	0	0	0	0	0	0	0	0	0	0	
14624	Deathbone Chestplate	637	12	0	0	0	0	0	0	0	0	17	0	0	0	0	0	0	0	0	0	0	5	0	0	0	0	0	0	
12628	Demon Forged Breastplate	597	12	0	0	0	0	0	0	0	0	0	0	0	0	0	0	0	0	0	0	0	0	0	0	0	0	0	0	
8258	Serpentskin Armor	146	15	11	10	0	0	0	0	0	0	0	0	0	0	0	0	0	0	0	0	0	0	0	0	0	0	0	0	
16666	Vest of Elements	370	13	20	20	0	0	0	0	0	0	0	0	0	0	0	0	0	0	0	0	0	0	0	0	0	0	0	0	
14340	Freezing Lich Robes	88	15	0	0	0	0	0	0	0	0	0	0	0	0	0	0	0	0	0	0	0	0	0	0	0	0	0	0	
20530	Robes of Servitude	75	15	0	10	0	0	0	0	0	0	0	0	0	0	0	0	0	0	0	0	0	0	0	0	0	0	0	0	
12542	Funeral Pyre Vestment	73	13	13	13	0	0	0	0	0	0	0	0	0	0	0	0	0	0	0	0	0	0	10	0	0	0	0	0	
22409	Tunic of the Crescent Moon	176	14	11	12	0	0	0	0	0	0	0	0	0	0	0	0	15	0	0	1	0	0	0	0	0	0	0	0	
8367	Dragonscale Breastplate	306	10	0	0	0	0	0	0	0	0	0	0	0	0	0	0	0	0	0	0	0	0	13	0	13	0	0	0	
16706	Wildheart Vest	176	13	20	20	0	0	0	0	0	0	0	0	0	0	0	0	0	0	0	0	0	0	0	0	0	0	0	0	
16690	Devout Robe	89	13	15	24	0	0	0	0	0	0	0	0	0	0	0	0	0	0	0	0	0	0	0	0	0	0	0	0	
13388	The Postmaster's Tunic	87	13	10	20	0	0	0	0	0	0	0	0	0	0	0	0	15	0	0	0	0	0	0	0	0	0	0	0	
13009	Cow King's Hide	148	10	0	0	0	0	0	0	0	0	0	0	0	0	0	0	0	0	0	0	0	0	10	10	10	0	0	0	
18532	Mindsurge Robe	88	12	0	13	0	0	0	0	0	0	0	0	0	0	0	0	0	0	0	0	0	0	0	0	0	0	0	0	
18486	Mooncloth Robe	87	12	12	25	0	0	0	0	0	0	0	0	0	0	0	0	0	0	0	0	0	0	0	0	0	0	0	0	
14138	Mooncloth Vest	85	12	19	20	0	0	0	0	0	0	0	0	0	0	0	0	0	0	0	0	0	0	0	0	0	0	0	0	
12108	Basaltscale Armor	313	10	21	0	0	0	0	0	0	0	0	0	0	0	0	0	0	0	0	0	0	0	0	0	0	0	0	0	
15045	Green Dragonscale Breastplate	311	10	21	0	0	0	0	0	0	0	0	0	0	0	0	0	0	0	0	0	0	0	0	11	0	0	0	0	
18385	Robe of Everlasting Night	88	11	5	13	0	0	0	0	0	0	0	0	0	0	0	0	27	0	0	0	0	0	0	0	0	0	0	0	
18373	Chestplate of Tranquility	174	10	6	20	0	0	0	0	0	0	0	0	0	0	0	0	23	0	0	0	0	0	0	0	0	0	0	0	
15059	Living Breastplate	169	10	25	0	0	0	0	0	0	0	0	0	0	0	0	0	0	0	0	0	26	0	0	5	0	0	0	0	
19145	Robe of Volatile Power	102	10	10	15	0	0	0	0	0	0	0	0	0	0	0	0	23	0	0	2	0	0	0	0	0	0	0	0	
8303	Hero's Breastplate	332	7	24	0	0	0	0	0	0	0	0	0	0	0	0	0	0	0	0	0	0	0	0	0	0	0	0	0	
16688	Magister's Robes	89	9	8	31	0	0	0	0	0	0	0	0	0	0	0	0	0	0	0	0	0	0	0	0	0	0	0	0	
12462	Embrace of the Wind Serpent	86	9	30	17	0	0	0	0	0	0	0	0	0	0	0	0	0	0	0	0	0	0	0	12	0	0	0	0	
12613	Runic Breastplate	738	0	0	0	0	0	0	0	0	0	0	0	0	0	0	0	0	0	0	0	0	0	15	15	0	0	0	0	
11747	Flamestrider Robes	153	5	16	6	0	0	0	0	0	0	0	0	0	0	0	0	20	0	0	0	0	0	10	0	0	0	0	0	
12624	Wildthorn Mail	322	5	11	0	0	0	0	0	0	0	0	0	0	0	0	0	0	0	0	0	0	0	0	0	0	0	0	0	
8283	Arcane Armor	79	7	0	23	0	0	0	0	0	0	0	0	0	0	0	0	0	0	0	0	0	0	0	0	0	0	0	0	
8290	Arcane Robe	79	7	23	0	0	0	0	0	0	0	0	0	0	0	0	0	0	0	0	0	0	0	0	0	0	0	0	0	
14106	Felcloth Robe	79	7	0	0	0	0	0	0	0	0	0	0	0	0	0	0	0	0	0	0	0	0	0	0	0	0	0	0	
8296	Traveler's Jerkin	156	6	10	21	0	0	0	0	0	0	0	0	0	0	0	0	0	0	0	0	0	0	0	0	0	0	0	0	
8252	Imperial Red Robe	73	6	21	0	0	0	0	0	0	0	0	0	0	0	0	0	0	0	0	0	0	0	0	0	0	0	0	0	
8245	Imperial Red Tunic	73	6	21	0	0	0	0	0	0	0	0	0	0	0	0	0	0	0	0	0	0	0	0	0	0	0	0	0	
14680	Indomitable Vest	163	5	23	9	0	0	0	0	0	0	0	0	0	0	0	0	0	0	0	0	0	0	0	0	0	0	0	0	
15786	Fernpulse Jerkin	152	5	22	8	0	0	0	0	0	0	0	0	0	0	0	0	0	0	0	0	0	0	0	0	0	0	0	0	
15053	Volcanic Breastplate	268	0	0	0	0	0	0	0	0	0	0	0	0	0	0	0	0	0	0	0	0	0	20	0	0	0	0	0	
12405	Thorium Armor	480	0	0	0	0	0	0	0	0	0	0	0	0	0	0	0	0	0	0	0	0	0	8	8	8	0	0	0	
11194	Prismscale Hauberk	307	3	23	4	0	0	0	0	0	0	0	0	0	0	0	0	0	0	0	0	0	0	0	0	0	0	0	0	
15047	Red Dragonscale Breastplate	360	0	0	0	0	0	0	0	0	0	0	0	0	0	0	0	0	0	0	0	66	0	12	0	0	0	0	0	
14975	Exalted Harness	615	0	0	0	0	0	0	0	0	0	0	0	0	0	0	0	0	0	0	0	0	0	0	0	0	0	0	0	
10384	Hyperion Armor	615	0	0	0	0	0	0	0	0	0	0	0	0	0	0	0	0	0	0	0	0	0	0	0	0	0	0	0	
10378	Commander's Armor	597	0	0	0	0	0	0	0	0	0	0	0	0	0	0	0	0	0	0	0	0	0	0	0	0	0	0	0	
14931	Heroic Armor	588	0	0	0	0	0	0	0	0	0	0	0	0	0	0	0	0	0	0	0	0	0	0	0	0	0	0	0	
14966	Glorious Breastplate	579	0	0	0	0	0	0	0	0	0	0	0	0	0	0	0	0	0	0	0	0	0	0	0	0	0	0	0	
10275	Emerald Breastplate	570	0	0	0	0	0	0	0	0	0	0	0	0	0	0	0	0	0	0	0	0	0	0	0	0	0	0	0	
12609	Polychromatic Visionwrap	87	0	0	0	0	0	0	0	0	0	0	0	0	0	0	0	0	0	0	0	0	0	20	20	20	0	0	0	
12641	Invulnerable Mail	554	0	0	0	0	0	0	0	0	0	13	0	0	0	0	0	0	0	0	0	0	0	0	0	0	0	0	0	
10164	Templar Chestplate	552	0	0	0	0	0	0	0	0	0	0	0	0	0	0	0	0	0	0	0	0	0	0	0	0	0	0	0	
14924	Lofty Breastplate	543	0	0	0	0	0	0	0	0	0	0	0	0	0	0	0	0	0	0	0	0	0	0	0	0	0	0	0	
8106	Hibernal Armor	66	4	20	0	0	0	0	0	0	0	0	0	0	0	0	0	0	0	0	0	0	0	0	0	0	0	0	0	
8113	Hibernal Robe	66	4	0	20	0	0	0	0	0	0	0	0	0	0	0	0	0	0	0	0	0	0	0	0	0	0	0	0	
14958	High Chief's Armor	534	0	0	0	0	0	0	0	0	0	0	0	0	0	0	0	0	0	0	0	0	0	0	0	0	0	0	0	
10240	Heavy Lamellar Chestpiece	524	0	0	0	0	0	0	0	0	0	0	0	0	0	0	0	0	0	0	0	0	0	0	0	0	0	0	0	
10128	Revenant Chestplate	515	0	0	0	0	0	0	0	0	0	0	0	0	0	0	0	0	0	0	0	0	0	0	0	0	0	0	0	
14915	Jade Breastplate	506	0	0	0	0	0	0	0	0	0	0	0	0	0	0	0	0	0	0	0	0	0	0	0	0	0	0	0	
14128	Wizardweave Robe	77	0	0	0	0	0	0	0	0	0	0	0	0	0	0	0	0	0	0	0	0	0	18	0	0	0	0	0	
10203	Overlord's Chestplate	497	0	0	0	0	0	0	0	0	0	0	0	0	0	0	0	0	0	0	0	0	0	0	0	0	0	0	0	
14948	Bloodforged Chestpiece	489	0	0	0	0	0	0	0	0	0	0	0	0	0	0	0	0	0	0	0	0	0	0	0	0	0	0	0	
14904	Brutish Breastplate	480	0	0	0	0	0	0	0	0	0	0	0	0	0	0	0	0	0	0	0	0	0	0	0	0	0	0	0	
9649	Royal Highmark Vestments	71	3	16	3	0	0	0	0	0	0	0	0	0	0	0	0	0	0	0	0	0	0	0	0	0	0	0	0	
10266	Masterwork Breastplate	347	0	0	0	0	0	0	0	0	0	0	0	0	0	0	0	0	0	0	0	0	0	0	0	0	0	0	0	
15680	Triumphant Chestpiece	347	0	0	0	0	0	0	0	0	0	0	0	0	0	0	0	0	0	0	0	0	0	0	0	0	0	0	0	
10157	Mercurial Breastplate	342	0	0	0	0	0	0	0	0	0	0	0	0	0	0	0	0	0	0	0	0	0	0	0	0	0	0	0	
15048	Blue Dragonscale Breastplate	338	0	8	28	0	0	0	0	0	0	0	0	0	0	0	0	0	0	0	0	0	0	0	0	0	0	0	0	
15669	Magnificent Breastplate	332	0	0	0	0	0	0	0	0	0	0	0	0	0	0	0	0	0	0	0	0	0	0	0	0	0	0	0	
15660	Impenetrable Breastplate	327	0	0	0	0	0	0	0	0	0	0	0	0	0	0	0	0	0	0	0	0	0	0	0	0	0	0	0	
10230	Engraved Breastplate	322	0	0	0	0	0	0	0	0	0	0	0	0	0	0	0	0	0	0	0	0	0	0	0	0	0	0	0	
10118	Ornate Breastplate	313	0	0	0	0	0	0	0	0	0	0	0	0	0	0	0	0	0	0	0	0	0	0	0	0	0	0	0	
15650	Merciless Surcoat	307	0	0	0	0	0	0	0	0	0	0	0	0	0	0	0	0	0	0	0	0	0	0	0	0	0	0	0	
15640	Ironhide Breastplate	303	0	0	0	0	0	0	0	0	0	0	0	0	0	0	0	0	0	0	0	0	0	0	0	0	0	0	0	
10193	Crusader's Armor	298	0	0	0	0	0	0	0	0	0	0	0	0	0	0	0	0	0	0	0	0	0	0	0	0	0	0	0	
12415	Radiant Breastplate	293	0	0	0	0	0	0	0	0	0	0	0	0	0	0	0	0	0	0	0	0	0	0	0	16	0	0	0	
10077	Lord's Breastplate	288	0	0	0	0	0	0	0	0	0	0	0	0	0	0	0	0	0	0	0	0	0	0	0	0	0	0	0	
15631	Formidable Chestpiece	283	0	0	0	0	0	0	0	0	0	0	0	0	0	0	0	0	0	0	0	0	0	0	0	0	0	0	0	
15622	Gryphon Mail Breastplate	278	0	0	0	0	0	0	0	0	0	0	0	0	0	0	0	0	0	0	0	0	0	0	0	0	0	0	0	
9957	Warmonger's Chestpiece	273	0	0	0	0	0	0	0	0	0	0	0	0	0	0	0	0	0	0	0	0	0	0	0	0	0	0	0	
15066	Ironfeather Breastplate	165	0	28	12	0	0	0	0	0	0	0	0	0	0	0	0	0	0	0	0	0	0	0	0	0	0	0	0	
10264	Adventurer's Tunic	165	0	0	0	0	0	0	0	0	0	0	0	0	0	0	0	0	0	0	0	0	0	0	0	0	0	0	0	
15442	Supreme Breastplate	165	0	0	0	0	0	0	0	0	0	0	0	0	0	0	0	0	0	0	0	0	0	0	0	0	0	0	0	
10151	Mighty Tunic	163	0	0	0	0	0	0	0	0	0	0	0	0	0	0	0	0	0	0	0	0	0	0	0	0	0	0	0	
10220	Nightshade Tunic	160	0	0	0	0	0	0	0	0	0	0	0	0	0	0	0	0	0	0	0	0	0	0	0	0	0	0	0	
15068	Frostsaber Tunic	158	0	0	0	0	0	0	0	0	0	0	0	0	0	0	0	0	0	0	0	0	0	0	0	18	0	0	0	
15195	Grand Breastplate	158	0	0	0	0	0	0	0	0	0	0	0	0	0	0	0	0	0	0	0	0	0	0	0	0	0	0	0	
15090	Runic Leather Armor	158	0	13	21	0	0	0	0	0	0	0	0	0	0	0	0	0	0	0	0	0	0	0	0	0	0	0	0	
15433	Peerless Armor	156	0	0	0	0	0	0	0	0	0	0	0	0	0	0	0	0	0	0	0	0	0	0	0	0	0	0	0	
10105	Wanderer's Armor	154	0	0	0	0	0	0	0	0	0	0	0	0	0	0	0	0	0	0	0	0	0	0	0	0	0	0	0	
22272	Forest's Embrace	151	0	7	8	0	0	0	0	0	0	0	0	0	0	0	0	0	0	0	0	55	0	0	0	0	0	0	0	
15075	Chimeric Vest	150	0	0	0	0	0	0	0	0	0	0	0	0	0	0	0	0	0	0	0	0	0	0	17	0	0	0	0	
10182	Swashbuckler's Breastplate	150	0	0	0	0	0	0	0	0	0	0	0	0	0	0	0	0	0	0	0	0	0	0	0	0	0	0	0	
15179	Praetorian Padded Armor	148	0	0	0	0	0	0	0	0	0	0	0	0	0	0	0	0	0	0	0	0	0	0	0	0	0	0	0	
8349	Feathered Breastplate	146	0	24	10	0	0	0	0	0	0	0	0	0	0	0	0	0	0	0	0	0	0	0	0	0	0	0	0	
15390	Jadefire Chestguard	146	0	0	0	0	0	0	0	0	0	0	0	0	0	0	0	0	0	0	0	0	0	0	0	0	0	0	0	
10070	Righteous Armor	144	0	0	0	0	0	0	0	0	0	0	0	0	0	0	0	0	0	0	0	0	0	0	0	0	0	0	0	
9950	Chieftain's Breastplate	139	0	0	0	0	0	0	0	0	0	0	0	0	0	0	0	0	0	0	0	0	0	0	0	0	0	0	0	
15170	Potent Armor	137	0	0	0	0	0	0	0	0	0	0	0	0	0	0	0	0	0	0	0	0	0	0	0	0	0	0	0	
15381	Rageclaw Chestguard	135	0	0	0	0	0	0	0	0	0	0	0	0	0	0	0	0	0	0	0	0	0	0	0	0	0	0	0	
7527	Cabalist Chestpiece	132	0	0	0	0	0	0	0	0	0	0	0	0	0	0	0	0	0	0	0	0	0	0	0	0	0	0	0	
13346	Robes of the Exalted	89	0	11	5	0	0	0	0	0	0	0	0	0	0	0	0	0	0	0	0	68	0	0	0	0	0	0	0	
14328	Eternal Chestguard	83	0	0	0	0	0	0	0	0	0	0	0	0	0	0	0	0	0	0	0	0	0	0	0	0	0	0	0	
14336	Eternal Wraps	83	0	0	0	0	0	0	0	0	0	0	0	0	0	0	0	0	0	0	0	0	0	0	0	0	0	0	0	
10254	Master's Robe	83	0	0	0	0	0	0	0	0	0	0	0	0	0	0	0	0	0	0	0	0	0	0	0	0	0	0	0	
10246	Master's Vest	83	0	0	0	0	0	0	0	0	0	0	0	0	0	0	0	0	0	0	0	0	0	0	0	0	0	0	0	
10143	High Councillor's Robe	82	0	0	0	0	0	0	0	0	0	0	0	0	0	0	0	0	0	0	0	0	0	0	0	0	0	0	0	
10135	High Councillor's Tunic	82	0	0	0	0	0	0	0	0	0	0	0	0	0	0	0	0	0	0	0	0	0	0	0	0	0	0	0	
14136	Robe of Winter Night	81	0	0	12	0	0	0	0	0	0	0	0	0	0	0	0	0	0	0	0	0	0	0	0	0	0	0	0	
14326	Resplendent Robes	81	0	0	0	0	0	0	0	0	0	0	0	0	0	0	0	0	0	0	0	0	0	0	0	0	0	0	0	
14318	Resplendent Tunic	81	0	0	0	0	0	0	0	0	0	0	0	0	0	0	0	0	0	0	0	0	0	0	0	0	0	0	0	
10215	Elegant Robes	80	0	0	0	0	0	0	0	0	0	0	0	0	0	0	0	0	0	0	0	0	0	0	0	0	0	0	0	
10218	Elegant Tunic	80	0	0	0	0	0	0	0	0	0	0	0	0	0	0	0	0	0	0	0	0	0	0	0	0	0	0	0	
14317	Celestial Silk Robes	79	0	0	0	0	0	0	0	0	0	0	0	0	0	0	0	0	0	0	0	0	0	0	0	0	0	0	0	
14308	Celestial Tunic	79	0	0	0	0	0	0	0	0	0	0	0	0	0	0	0	0	0	0	0	0	0	0	0	0	0	0	0	
10806	Vestments of the Atal'ai Prophet	78	0	27	11	0	0	0	0	0	0	0	0	0	0	0	0	0	0	0	0	0	0	0	0	0	0	0	0	
14303	Bonecaster's Shroud	77	0	0	0	0	0	0	0	0	0	0	0	0	0	0	0	0	0	0	0	0	0	0	0	0	0	0	0	
14306	Bonecaster's Vest	77	0	0	0	0	0	0	0	0	0	0	0	0	0	0	0	0	0	0	0	0	0	0	0	0	0	0	0	
13535	Coldtouch Phantom Wraps	77	0	0	0	0	0	0	0	0	0	0	0	0	0	0	0	0	0	0	0	0	0	0	0	20	0	0	0	
18450	Robe of Combustion	77	0	0	17	0	0	0	0	0	0	0	0	0	0	0	0	0	0	0	0	0	0	0	0	0	0	0	0	
10102	Councillor's Robes	76	0	0	0	0	0	0	0	0	0	0	0	0	0	0	0	0	0	0	0	0	0	0	0	0	0	0	0	
10104	Councillor's Tunic	76	0	0	0	0	0	0	0	0	0	0	0	0	0	0	0	0	0	0	0	0	0	0	0	0	0	0	0	
14455	Highborne Padded Armor	76	0	15	19	0	0	0	0	0	0	0	0	0	0	0	0	0	0	0	0	0	0	0	0	0	0	0	0	
14453	Highborne Robes	76	0	15	19	0	0	0	0	0	0	0	0	0	0	0	0	0	0	0	0	0	0	0	0	0	0	0	0	
10181	Mystical Armor	75	0	0	0	0	0	0	0	0	0	0	0	0	0	0	0	0	0	0	0	0	0	0	0	0	0	0	0	
10178	Mystical Robe	75	0	0	0	0	0	0	0	0	0	0	0	0	0	0	0	0	0	0	0	0	0	0	0	0	0	0	0	
940	Robes of Insight	74	0	15	25	0	0	0	0	0	0	0	0	0	0	0	0	0	0	0	0	0	0	0	0	0	0	0	0	
14288	Arachnidian Armor	74	0	0	0	0	0	0	0	0	0	0	0	0	0	0	0	0	0	0	0	0	0	0	0	0	0	0	0	
14297	Arachnidian Robes	74	0	0	0	0	0	0	0	0	0	0	0	0	0	0	0	0	0	0	0	0	0	0	0	0	0	0	0	
17741	Nature's Embrace	73	0	0	0	0	0	0	0	0	0	0	0	0	0	0	0	0	0	0	0	0	0	0	0	0	0	0	0	
14284	Opulent Robes	73	0	0	0	0	0	0	0	0	0	0	0	0	0	0	0	0	0	0	0	0	0	0	0	0	0	0	0	
14287	Opulent Tunic	73	0	0	0	0	0	0	0	0	0	0	0	0	0	0	0	0	0	0	0	0	0	0	0	0	0	0	0	
10065	Duskwoven Robe	71	0	0	0	0	0	0	0	0	0	0	0	0	0	0	0	0	0	0	0	0	0	0	0	0	0	0	0	
10057	Duskwoven Tunic	71	0	0	0	0	0	0	0	0	0	0	0	0	0	0	0	0	0	0	0	0	0	0	0	0	0	0	0	
14141	Ghostweave Vest	71	0	0	9	0	0	0	0	0	0	0	0	0	0	0	0	0	0	0	0	0	0	0	0	0	0	0	0	
14100	Brightcloth Robe	70	0	0	0	0	0	0	0	0	0	0	0	0	0	0	0	0	0	0	0	0	0	0	0	16	0	0	0	
9943	Abjurer's Robe	69	0	0	0	0	0	0	0	0	0	0	0	0	0	0	0	0	0	0	0	0	0	0	0	0	0	0	0	
9946	Abjurer's Tunic	69	0	0	0	0	0	0	0	0	0	0	0	0	0	0	0	0	0	0	0	0	0	0	0	0	0	0	0	
14042	Cindercloth Vest	68	0	11	0	0	0	0	0	0	0	0	0	0	0	0	0	0	0	0	0	0	0	0	0	0	0	0	0	
14275	Gaea's Raiment	68	0	0	0	0	0	0	0	0	0	0	0	0	0	0	0	0	0	0	0	0	0	0	0	0	0	0	0	
14277	Gaea's Tunic	68	0	0	0	0	0	0	0	0	0	0	0	0	0	0	0	0	0	0	0	0	0	0	0	0	0	0	0	
13858	Runecloth Robe	68	0	11	17	0	0	0	0	0	0	0	0	0	0	0	0	0	0	0	0	0	0	0	0	0	0	0	0	
13857	Runecloth Tunic	68	0	17	11	0	0	0	0	0	0	0	0	0	0	0	0	0	0	0	0	0	0	0	0	0	0	0	0	
14267	Bloodwoven Jerkin	66	0	0	0	0	0	0	0	0	0	0	0	0	0	0	0	0	0	0	0	0	0	0	0	0	0	0	0	
14265	Bloodwoven Wraps	66	0	0	0	0	0	0	0	0	0	0	0	0	0	0	0	0	0	0	0	0	0	0	0	0	0	0	0	
13868	Frostweave Robe	66	0	11	0	0	0	0	0	0	0	0	0	0	0	0	0	0	0	0	0	0	0	0	0	0	0	0	0	
13869	Frostweave Tunic	66	0	0	11	0	0	0	0	0	0	0	0	0	0	0	0	0	0	0	0	0	0	0	0	0	0	0	0	
7518	Gossamer Robe	65	0	0	0	0	0	0	0	0	0	0	0	0	0	0	0	0	0	0	0	0	0	0	0	0	0	0	0	
7517	Gossamer Tunic	65	0	0	0	0	0	0	0	0	0	0	0	0	0	0	0	0	0	0	0	0	0	0	0	0	0	0	0	
14152	Robe of the Archmage	96	0	0	12	0	0	0	0	0	0	0	0	0	0	0	0	40	0	0	1	0	0	0	0	0	0	0	0	
14153	Robe of the Void	96	14	0	0	0	0	0	0	0	0	0	0	0	0	0	0	46	0	0	0	0	0	0	0	0	0	0	0	
14154	Truefaith Vestments	96	14	0	0	0	0	0	0	0	0	0	0	0	0	0	0	0	0	0	0	73	0	0	0	0	0	0	0	
16798	Arcanist Robes	102	19	10	25	0	0	0	0	0	0	0	0	0	0	0	0	23	0	0	0	0	0	10	0	0	0	0	0	
16833	Cenarion Vestments	200	23	16	24	0	0	0	0	0	0	0	0	0	0	0	0	0	0	0	0	22	3	10	0	0	0	0	0	
16841	Earthfury Vestments	422	17	13	27	0	0	0	0	0	0	0	0	0	0	0	0	0	0	0	1	22	0	10	0	0	0	0	0	
16809	Felheart Robes	102	31	0	20	0	0	0	0	0	0	0	0	0	0	0	0	13	0	1	0	0	0	10	0	0	0	0	0	
16845	Giantstalker's Breastplate	422	23	0	11	0	26	0	0	1	0	0	0	0	0	0	0	0	0	0	0	0	0	10	0	0	0	0	0	
16853	Lawbringer Chestguard	749	26	13	21	8	0	0	0	0	0	0	0	0	0	0	0	0	0	0	0	22	0	10	0	0	0	0	0	
16820	Nightslayer Chestpiece	200	20	0	0	10	29	0	0	1	0	0	0	0	0	0	0	0	0	0	0	0	0	10	0	0	0	0	0	
16815	Robes of Prophecy	102	20	17	27	0	0	0	0	0	0	0	0	0	0	0	0	0	0	0	0	22	0	10	0	0	0	0	0	
22874	Legionnaire's Chain Hauberk	398	13	0	6	0	16	0	0	2	0	0	0	0	0	0	0	0	0	0	0	0	0	0	0	0	0	0	0	
22877	Legionnaire's Dragonhide Chestpiece	218	13	0	12	13	12	0	0	1	0	0	0	0	0	0	0	15	0	0	0	0	0	0	0	0	0	0	0	
22884	Legionnaire's Dreadweave Tunic	96	20	0	20	0	0	0	0	0	0	0	0	0	0	0	0	25	0	0	0	0	0	0	0	0	0	0	0	
22879	Legionnaire's Leather Chestpiece	248	22	0	0	0	0	34	1	1	0	0	0	0	0	0	0	0	0	0	0	0	0	0	0	0	0	0	0	
22876	Legionnaire's Mail Hauberk	398	18	0	18	17	0	0	0	1	0	0	0	0	0	0	0	0	0	0	0	0	0	0	0	0	0	0	0	
22885	Legionnaire's Satin Tunic	156	19	0	15	0	0	0	0	0	0	0	0	0	0	0	0	21	0	0	0	0	6	0	0	0	0	0	0	
22886	Legionnaire's Silk Tunic	156	18	5	17	0	0	0	0	0	0	0	0	0	0	0	0	21	0	0	1	0	0	0	0	0	0	0	0	
16565	Warlord's Chain Chestpiece	520	28	0	12	0	34	0	0	1	0	0	0	0	0	0	0	0	0	0	0	0	0	0	0	0	0	0	0	
16549	Warlord's Dragonhide Hauberk	260	19	0	13	25	14	0	0	1	0	0	0	0	0	0	0	21	0	0	0	0	0	0	0	0	0	0	0	
17592	Warlord's Dreadweave Robe	153	30	0	24	0	0	0	0	0	0	0	0	0	0	0	0	32	0	0	0	0	0	0	0	0	0	0	0	
16563	Warlord's Leather Breastplate	260	31	0	0	0	26	0	1	1	0	0	0	0	0	0	0	0	0	0	0	0	0	0	0	0	0	0	0	
16577	Warlord's Mail Armor	470	35	0	20	9	0	0	0	1	0	0	0	0	0	0	0	9	0	0	1	0	0	0	0	0	0	0	0	
17624	Warlord's Satin Robes	183	30	0	28	0	0	0	0	0	0	0	0	0	0	0	0	33	0	0	0	0	4	0	0	0	0	0	0	
16535	Warlord's Silk Raiment	183	28	6	17	0	0	0	0	0	0	0	0	0	0	0	0	33	0	0	1	0	0	0	0	0	0	0	0	
19137	Onslaught Girdle	494	11	0	0	31	0	0	1	1	0	0	0	0	0	0	0	0	0	0	0	0	0	0	0	0	0	0	0	
18505	Mugger's Belt	98	16	0	0	0	0	0	0	1	5	0	0	0	0	0	0	0	0	0	0	0	0	0	0	0	0	0	0	
13959	Omokk's Girth Restrainer	353	9	0	0	15	0	0	0	1	0	0	0	0	0	0	0	0	0	0	0	0	0	0	0	0	0	0	0	
13142	Brigam Girdle	369	16	0	0	15	0	0	1	0	0	0	0	0	0	0	0	0	0	0	0	0	0	0	0	0	0	0	0	
18547	Unmelting Ice Girdle	452	14	0	0	14	14	0	0	0	0	8	0	0	0	0	0	0	0	0	0	0	0	0	0	16	0	0	0	
11686	Girdle of Beastial Fury	89	10	0	0	8	0	30	0	0	0	0	0	0	0	0	0	0	0	0	0	0	0	0	0	0	0	0	0	
22232	Marksman's Girdle	202	0	0	0	0	21	0	1	0	0	0	0	0	0	0	0	0	0	0	0	0	0	0	0	0	0	0	0	
13252	Cloudrunner Girdle	185	0	0	0	14	15	0	0	0	0	0	0	0	0	0	0	0	0	0	0	0	0	0	0	0	0	0	0	
16864	Belt of Might	421	15	0	0	21	0	0	0	0	0	5	1	0	0	0	0	0	0	0	0	0	0	7	0	0	0	0	0	
12634	Chiselbrand Girdle	199	6	6	0	0	0	44	0	0	0	0	0	0	0	0	0	0	0	0	0	0	0	0	0	0	0	0	0	
19051	Girdle of the Dawn	341	9	0	0	21	0	0	0	0	0	0	0	0	0	0	0	0	0	0	0	0	0	0	0	0	0	0	0	
19043	Heavy Timbermaw Belt	193	9	0	0	0	0	42	0	0	0	0	0	0	0	0	0	0	0	0	0	0	0	0	0	0	0	0	0	
13962	Vosh'gajin's Strand	95	6	0	0	9	0	0	0	1	0	0	1	0	0	0	0	0	0	0	0	0	0	0	0	0	0	0	0	
19044	Might of the Timbermaw	93	9	0	0	21	0	0	0	0	0	0	0	0	0	0	0	0	0	0	0	0	0	0	0	0	0	0	0	
18393	Warpwood Binding	202	6	0	9	0	14	0	0	1	0	0	0	0	0	0	0	0	0	0	0	0	0	0	0	0	0	0	0	
14636	Cadaverous Belt	97	12	0	0	0	0	40	0	0	0	0	0	0	0	0	0	0	0	0	0	0	0	0	0	0	0	0	0	
14614	Bloodmail Belt	202	11	0	9	12	12	0	0	0	0	0	0	0	0	0	0	0	0	0	0	0	0	0	0	0	0	0	0	
16736	Belt of Valor	341	8	4	0	14	7	0	0	0	0	0	0	0	0	0	0	0	0	0	0	0	0	0	0	0	0	0	0	
15709	Gearforge Girdle	310	5	0	0	16	4	0	0	0	0	0	0	0	0	0	0	0	0	0	0	0	0	0	0	0	0	0	0	
19163	Molten Belt	118	16	0	0	0	28	0	0	0	0	0	0	0	0	0	0	0	0	0	0	0	0	12	0	0	0	0	0	
13118	Serpentine Sash	92	14	0	0	9	14	0	0	0	0	0	0	0	0	0	0	0	0	0	0	0	0	0	0	0	0	0	0	
10798	Atal'alarion's Tusk Ring	302	8	0	0	18	0	0	0	0	0	0	0	0	0	0	0	0	0	0	0	0	0	0	0	0	0	0	0	
16713	Shadowcraft Belt	93	10	9	0	9	14	0	0	0	0	0	0	0	0	0	0	0	0	0	0	0	0	0	0	0	0	0	0	
13502	Handcrafted Mastersmith Girdle	519	10	0	0	11	10	0	0	0	0	0	0	0	0	0	0	0	0	0	0	0	0	0	0	0	0	0	0	
18529	Elemental Plate Girdle	358	10	0	0	17	0	0	0	0	0	0	0	0	0	0	0	0	0	0	0	0	0	0	0	0	0	0	0	
13384	Rainbow Girdle	341	10	9	10	10	9	0	0	0	0	0	0	0	0	0	0	0	0	0	0	0	0	0	0	0	0	0	0	
16680	Beaststalker's Belt	193	6	11	9	9	10	0	0	0	0	0	0	0	0	0	0	0	0	0	0	0	0	0	0	0	0	0	0	
13077	Girdle of Uther	336	10	10	9	9	9	0	0	0	0	0	0	0	0	0	0	0	0	0	0	0	0	0	0	0	0	0	0	
14502	Frostbite Girdle	98	15	0	0	5	15	0	0	0	0	0	0	0	0	0	0	0	0	0	0	0	0	0	0	10	0	0	0	
8315	Alabaster Plate Girdle	280	4	0	0	15	0	0	0	0	0	0	0	0	0	0	0	0	0	0	0	0	0	0	0	0	0	0	0	
18451	Hyena Hide Belt	87	13	0	0	0	0	28	0	0	0	0	0	0	0	0	0	0	0	0	0	0	0	0	0	0	0	0	0	
22325	Belt of the Trickster	97	9	0	0	0	22	0	0	0	0	0	0	0	0	0	0	0	0	0	0	0	0	0	0	0	0	0	0	
10370	Imbued Plate Girdle	305	12	0	0	13	0	0	0	0	0	0	0	0	0	0	0	0	0	0	0	0	0	0	0	0	0	0	0	
22242	Verek's Leash	187	8	7	8	8	8	0	0	0	0	0	0	0	0	0	0	11	0	0	0	0	0	0	0	0	0	0	0	
12424	Imperial Plate Belt	285	11	0	0	12	0	0	0	0	0	0	0	0	0	0	0	0	0	0	0	0	0	0	0	0	0	0	0	
14674	Pridelord Girdle	81	8	0	0	4	12	0	0	0	0	0	0	0	0	0	0	0	0	0	0	0	0	0	0	0	0	0	0	
16723	Lightforge Belt	341	9	6	15	10	0	0	0	0	0	0	0	0	0	0	0	0	0	0	0	0	0	0	0	0	0	0	0	
22207	Sash of the Grand Hunt	199	14	0	6	0	15	0	0	0	0	0	0	0	0	0	6	0	0	0	0	0	0	0	0	0	0	0	0	
15088	Wicked Leather Belt	87	13	0	0	0	14	0	0	0	0	0	0	0	0	0	0	0	0	0	0	0	0	0	0	0	0	0	0	
16673	Cord of Elements	193	6	7	17	9	0	0	0	0	0	0	0	0	0	0	0	0	0	0	0	0	0	0	0	0	0	0	0	
11866	Nagmara's Whipping Belt	89	14	13	0	8	0	0	0	0	0	0	0	0	0	0	0	0	0	0	0	0	0	0	0	0	0	0	0	
14793	Protector Waistband	154	10	4	0	0	10	0	0	0	0	0	0	0	0	0	0	0	0	0	0	0	0	0	0	0	0	0	0	
14864	Warleader's Belt	315	10	6	0	6	0	0	0	0	0	0	0	0	0	0	0	0	0	0	0	0	0	0	0	0	0	0	0	
14465	Elunarian Belt	44	0	10	20	6	0	0	0	0	0	0	0	0	0	0	0	0	0	0	0	0	0	0	0	0	0	0	0	
15707	Brantwood Sash	42	0	10	10	0	9	0	0	0	0	0	0	0	0	0	0	0	0	0	0	0	0	0	0	0	0	0	0	
8253	Imperial Red Sash	37	0	0	15	4	0	0	0	0	0	0	0	0	0	0	0	0	0	0	0	0	0	0	0	0	0	0	0	
14454	Highborne Cord	39	9	0	12	0	5	0	0	0	0	0	0	0	0	0	0	0	0	0	0	0	0	0	0	0	0	0	0	
15791	Turquoise Sash	42	0	6	15	0	6	0	0	0	0	0	0	0	0	0	0	0	0	0	0	0	0	0	0	0	0	0	0	
19149	Lava Belt	223	15	0	0	0	0	0	0	0	0	0	0	0	0	0	0	0	0	0	0	0	0	26	0	0	0	0	0	
18809	Sash of Whispered Secrets	61	20	0	0	0	0	0	0	0	0	0	0	0	0	0	0	0	0	0	0	0	0	0	0	0	0	0	0	
19134	Flayed Doomguard Belt	115	18	0	18	0	0	0	0	0	0	0	0	0	0	0	0	14	0	0	1	0	0	0	0	0	0	0	0	
22306	Ironweave Belt	139	17	0	11	0	0	0	0	0	0	0	0	0	0	0	0	0	0	0	0	0	0	0	0	0	0	0	0	
14620	Deathbone Girdle	358	15	0	0	0	0	0	0	0	0	9	0	0	0	0	0	0	0	0	0	0	4	0	0	0	0	0	0	
16989	Fiery Chain Girdle	214	10	8	9	0	0	0	0	0	0	0	0	0	0	0	0	0	0	0	0	0	0	24	0	0	0	0	0	
11703	Stonewall Girdle	484	12	0	0	0	0	0	0	0	0	0	0	0	0	0	0	0	0	0	0	0	0	0	0	0	0	0	0	
14553	Sash of Mercy	105	14	10	0	0	0	0	0	0	0	0	0	0	0	0	0	0	0	0	0	53	0	0	0	0	0	0	0	
12115	Stalwart Clutch	300	12	0	0	0	0	0	0	0	0	8	0	0	0	0	0	0	0	0	0	0	0	0	0	0	0	0	0	
8306	Hero's Belt	179	13	13	0	0	0	0	0	0	0	0	0	0	0	0	0	0	0	0	0	0	0	0	0	0	0	0	0	
15813	Gold Link Belt	170	12	0	12	0	0	0	0	0	0	0	0	0	0	0	0	0	0	0	0	0	0	0	0	0	0	0	0	
15082	Heavy Scorpid Belt	170	12	12	0	0	0	0	0	0	0	0	0	0	0	0	0	0	0	0	0	0	0	0	0	0	0	0	0	
18475	Oddly Magical Belt	44	13	0	0	0	0	0	0	0	0	0	0	0	0	0	0	16	0	0	0	0	0	0	0	0	0	0	0	
19136	Mana Igniting Cord	61	12	0	16	0	0	0	0	0	0	0	0	0	0	0	0	25	0	0	1	0	0	0	0	0	0	0	0	
9666	Stronghorn Girdle	154	11	0	10	0	0	0	0	0	0	0	0	0	0	0	0	0	0	0	0	0	0	0	0	0	0	0	0	
18702	Belt of the Ordained	353	9	0	8	0	0	0	0	0	0	0	0	0	0	0	0	0	0	0	0	42	0	0	0	0	0	0	0	
13950	Detention Strap	205	10	11	17	0	0	0	0	0	0	0	0	0	0	0	0	0	0	0	0	0	0	0	0	0	0	0	0	
18740	Thuzadin Sash	49	11	11	12	0	0	0	0	0	0	0	0	0	0	0	0	11	0	0	0	0	0	0	0	0	0	0	0	
18104	Feralsurge Girdle	208	9	0	10	0	0	0	0	0	0	0	0	0	0	0	0	0	0	0	0	0	8	0	0	0	0	0	0	
18405	Belt of the Archmage	54	10	0	25	0	0	0	0	0	0	0	0	0	0	0	0	0	0	0	1	0	0	0	0	0	0	0	0	
14856	Vanguard Girdle	290	8	9	0	0	0	0	0	0	0	0	0	0	0	0	0	0	0	0	0	0	0	0	0	0	0	0	0	
12589	Dustfeather Sash	49	10	0	18	0	0	0	0	0	0	0	0	0	0	0	0	9	0	0	0	0	0	0	0	0	0	0	0	
16702	Dreadmist Belt	46	10	9	17	0	0	0	0	0	0	0	0	0	0	0	0	0	0	0	0	0	0	0	0	0	0	0	0	
11807	Sash of the Burning Heart	46	10	10	10	0	0	0	0	0	0	0	0	0	0	0	0	0	0	0	0	0	0	0	0	0	0	0	0	
11662	Ban'thok Sash	43	10	0	11	0	0	0	0	0	0	0	0	0	0	0	0	12	0	1	0	0	0	0	0	0	0	0	0	
17755	Satyrmane Sash	40	10	0	15	0	0	0	0	0	0	0	0	0	0	0	0	0	0	0	0	0	0	0	0	0	0	0	0	
18504	Girdle of Insight	98	9	0	23	0	0	0	0	0	0	0	0	0	0	0	0	0	0	0	0	0	0	0	0	0	0	0	0	
18391	Eyestalk Cord	98	9	0	15	0	0	0	0	0	0	0	0	0	0	0	0	0	0	0	0	35	0	0	0	0	0	0	0	
16716	Wildheart Belt	93	9	10	17	0	0	0	0	0	0	0	0	0	0	0	0	0	0	0	0	0	0	0	0	0	0	0	0	
15859	Seapost Girdle	179	8	13	8	0	0	0	0	0	0	0	0	0	0	0	0	0	0	0	0	0	0	0	0	0	0	0	0	
13956	Clutch of Andros	49	9	0	19	0	0	0	0	0	0	0	0	0	0	0	0	0	0	1	0	0	0	0	0	0	0	0	0	
13403	Grimgore Noose	47	9	10	17	0	0	0	0	0	0	0	0	0	0	0	0	0	0	0	0	0	0	0	0	0	0	0	0	
8268	Ebonhold Girdle	165	7	0	14	0	0	0	0	0	0	0	0	0	0	0	0	0	0	0	0	0	0	0	0	0	0	0	0	
18721	Barrage Girdle	202	6	6	6	0	0	0	0	0	0	0	0	0	0	0	0	23	0	0	0	0	0	0	0	0	0	0	0	
18676	Sash of the Windreaver	202	6	7	7	0	0	0	0	0	0	0	0	0	0	0	0	0	0	0	0	0	0	0	0	0	0	0	0	
8255	Serpentskin Girdle	74	7	0	13	0	0	0	0	0	0	0	0	0	0	0	0	0	0	0	0	0	0	0	0	0	0	0	0	
13144	Serenity Belt	43	7	0	17	0	0	0	0	0	0	0	0	0	0	0	0	0	0	0	0	0	0	0	0	0	0	0	0	
12606	Crystallized Girdle	97	6	6	19	0	0	0	0	0	0	0	0	0	0	0	0	9	0	0	0	0	0	0	0	0	0	0	0	
14684	Indomitable Belt	87	6	0	17	0	0	0	0	0	0	0	0	0	0	0	0	0	0	0	0	0	0	0	0	0	0	0	0	
16685	Magister's Belt	46	6	6	21	0	0	0	0	0	0	0	0	0	0	0	0	0	0	0	0	0	0	0	0	0	0	0	0	
8293	Traveler's Belt	82	5	0	16	0	0	0	0	0	0	0	0	0	0	0	0	0	0	0	0	0	0	0	0	0	0	0	0	
14808	Warstrike Belt	179	4	5	16	0	0	0	0	0	0	0	0	0	0	0	0	0	0	0	0	0	0	0	0	0	0	0	0	
13526	Flamescarred Girdle	89	0	0	0	0	0	0	0	0	0	0	0	0	0	0	0	0	0	0	0	0	0	20	0	0	0	0	0	
11909	Excavator's Utility Belt	81	4	0	16	0	0	0	0	0	0	0	0	0	0	0	0	0	0	0	0	0	0	0	0	0	0	0	0	
16696	Devout Belt	46	4	9	20	0	0	0	0	0	0	0	0	0	0	0	0	0	0	0	0	0	0	0	0	0	0	0	0	
12083	Valconian Sash	42	4	0	17	0	0	0	0	0	0	0	0	0	0	0	0	0	0	0	0	0	0	0	0	0	0	0	0	
8291	Arcane Sash	41	4	0	16	0	0	0	0	0	0	0	0	0	0	0	0	0	0	0	0	0	0	0	0	0	0	0	0	
12406	Thorium Belt	270	0	0	0	0	0	0	0	0	0	0	0	0	0	0	0	0	0	0	0	0	0	6	6	6	0	0	0	
19162	Corehound Belt	118	0	0	16	0	0	0	0	0	0	0	0	0	0	0	0	0	0	0	0	62	0	12	0	0	0	0	0	
20673	Abyssal Plate Girdle	346	0	0	0	0	0	0	0	0	0	0	0	0	0	0	0	0	0	0	0	0	0	0	0	0	0	0	0	
10387	Hyperion Girdle	326	0	0	0	0	0	0	0	0	0	0	0	0	0	0	0	0	0	0	0	0	0	0	0	0	0	0	0	
14977	Exalted Girdle	320	0	0	0	0	0	0	0	0	0	0	0	0	0	0	0	0	0	0	0	0	0	0	0	0	0	0	0	
10381	Commander's Girdle	315	0	0	0	0	0	0	0	0	0	0	0	0	0	0	0	0	0	0	0	0	0	0	0	0	0	0	0	
14934	Heroic Girdle	305	0	0	0	0	0	0	0	0	0	0	0	0	0	0	0	0	0	0	0	0	0	0	0	0	0	0	0	
10278	Emerald Girdle	295	0	0	0	0	0	0	0	0	0	0	0	0	0	0	0	0	0	0	0	0	0	0	0	0	0	0	0	
14968	Glorious Belt	295	0	0	0	0	0	0	0	0	0	0	0	0	0	0	0	0	0	0	0	0	0	0	0	0	0	0	0	
10166	Templar Girdle	290	0	0	0	0	0	0	0	0	0	0	0	0	0	0	0	0	0	0	0	0	0	0	0	0	0	0	0	
10788	Atal'ai Girdle	280	0	0	0	0	0	0	0	0	0	0	0	0	0	0	0	0	0	0	0	0	0	0	0	0	0	0	0	
14927	Lofty Belt	280	0	0	0	0	0	0	0	0	0	0	0	0	0	0	0	0	0	0	0	0	0	0	0	0	0	0	0	
10243	Heavy Lamellar Girdle	275	0	0	0	0	0	0	0	0	0	0	0	0	0	0	0	0	0	0	0	0	0	0	0	0	0	0	0	
14960	High Chief's Belt	275	0	0	0	0	0	0	0	0	0	0	0	0	0	0	0	0	0	0	0	0	0	0	0	0	0	0	0	
10130	Revenant Girdle	270	0	0	0	0	0	0	0	0	0	0	0	0	0	0	0	0	0	0	0	0	0	0	0	0	0	0	0	
13387	Foresight Girdle	202	0	0	0	0	0	0	0	0	0	0	0	0	0	0	0	0	0	0	0	0	0	0	0	0	0	0	0	
20670	Abyssal Mail Clutch	195	0	0	0	0	0	0	0	0	0	0	0	0	0	0	0	0	0	0	0	0	0	0	0	0	0	0	0	
11783	Chillsteel Girdle	190	0	7	20	0	0	0	0	0	0	0	0	0	0	0	0	0	0	0	0	0	0	0	0	10	0	0	0	
10269	Masterwork Girdle	187	0	0	0	0	0	0	0	0	0	0	0	0	0	0	0	0	0	0	0	0	0	0	0	0	0	0	0	
10154	Mercurial Girdle	184	0	0	0	0	0	0	0	0	0	0	0	0	0	0	0	0	0	0	0	0	0	0	0	0	0	0	0	
15683	Triumphant Girdle	181	0	0	0	0	0	0	0	0	0	0	0	0	0	0	0	0	0	0	0	0	0	0	0	0	0	0	0	
15673	Magnificent Belt	176	0	0	0	0	0	0	0	0	0	0	0	0	0	0	0	0	0	0	0	0	0	0	0	0	0	0	0	
10233	Engraved Girdle	173	0	0	0	0	0	0	0	0	0	0	0	0	0	0	0	0	0	0	0	0	0	0	0	0	0	0	0	
15663	Impenetrable Belt	170	0	0	0	0	0	0	0	0	0	0	0	0	0	0	0	0	0	0	0	0	0	0	0	0	0	0	0	
14803	Bloodlust Belt	167	0	9	14	0	0	0	0	0	0	0	0	0	0	0	0	0	0	0	0	0	0	0	0	0	0	0	0	
10122	Ornate Girdle	167	0	0	0	0	0	0	0	0	0	0	0	0	0	0	0	0	0	0	0	0	0	0	0	0	0	0	0	
15654	Merciless Belt	165	0	0	0	0	0	0	0	0	0	0	0	0	0	0	0	0	0	0	0	0	0	0	0	0	0	0	0	
10197	Crusader's Belt	159	0	0	0	0	0	0	0	0	0	0	0	0	0	0	0	0	0	0	0	0	0	0	0	0	0	0	0	
12416	Radiant Belt	159	0	0	0	0	0	0	0	0	0	0	0	0	0	0	0	0	0	0	0	0	0	0	0	12	0	0	0	
15641	Ironhide Belt	156	0	0	0	0	0	0	0	0	0	0	0	0	0	0	0	0	0	0	0	0	0	0	0	0	0	0	0	
10081	Lord's Girdle	154	0	0	0	0	0	0	0	0	0	0	0	0	0	0	0	0	0	0	0	0	0	0	0	0	0	0	0	
20667	Abyssal Leather Belt	93	0	0	0	0	0	0	0	0	0	0	0	0	0	0	0	0	0	0	0	0	0	0	0	0	0	0	0	
10259	Adventurer's Belt	89	0	0	0	0	0	0	0	0	0	0	0	0	0	0	0	0	0	0	0	0	0	0	0	0	0	0	0	
15434	Supreme Sash	88	0	0	0	0	0	0	0	0	0	0	0	0	0	0	0	0	0	0	0	0	0	0	0	0	0	0	0	
10145	Mighty Girdle	86	0	0	0	0	0	0	0	0	0	0	0	0	0	0	0	0	0	0	0	0	0	0	0	0	0	0	0	
10221	Nightshade Girdle	84	0	0	0	0	0	0	0	0	0	0	0	0	0	0	0	0	0	0	0	0	0	0	0	0	0	0	0	
15191	Grand Belt	83	0	0	0	0	0	0	0	0	0	0	0	0	0	0	0	0	0	0	0	0	0	0	0	0	0	0	0	
15428	Peerless Belt	82	0	0	0	0	0	0	0	0	0	0	0	0	0	0	0	0	0	0	0	0	0	0	0	0	0	0	0	
15093	Runic Leather Belt	82	0	9	14	0	0	0	0	0	0	0	0	0	0	0	0	0	0	0	0	0	0	0	0	0	0	0	0	
10109	Wanderer's Belt	80	0	0	0	0	0	0	0	0	0	0	0	0	0	0	0	0	0	0	0	0	0	0	0	0	0	0	0	
15180	Praetorian Girdle	78	0	0	0	0	0	0	0	0	0	0	0	0	0	0	0	0	0	0	0	0	0	0	0	0	0	0	0	
15388	Jadefire Belt	77	0	0	0	0	0	0	0	0	0	0	0	0	0	0	0	0	0	0	0	0	0	0	0	0	0	0	0	
10190	Swashbuckler's Belt	77	0	0	0	0	0	0	0	0	0	0	0	0	0	0	0	0	0	0	0	0	0	0	0	0	0	0	0	
18327	Whipvine Cord	47	0	0	9	0	0	0	0	0	0	0	0	0	0	0	0	0	0	0	0	31	6	0	0	0	0	0	0	
20664	Abyssal Cloth Sash	47	0	0	0	0	0	0	0	0	0	0	0	0	0	0	0	0	0	0	0	0	0	0	0	0	0	0	0	
19047	Wisdom of the Timbermaw	46	0	0	21	0	0	0	0	0	0	0	0	0	0	0	0	0	0	0	0	0	4	0	0	0	0	0	0	
10255	Master's Belt	45	0	0	0	0	0	0	0	0	0	0	0	0	0	0	0	0	0	0	0	0	0	0	0	0	0	0	0	
10144	High Councillor's Sash	44	0	0	0	0	0	0	0	0	0	0	0	0	0	0	0	0	0	0	0	0	0	0	0	0	0	0	0	
14337	Eternal Cord	44	0	0	0	0	0	0	0	0	0	0	0	0	0	0	0	0	0	0	0	0	0	0	0	0	0	0	0	
12466	Dawnspire Cord	43	0	8	19	0	0	0	0	0	0	0	0	0	0	0	0	0	0	0	0	0	0	0	0	0	0	0	0	
10216	Elegant Belt	42	0	0	0	0	0	0	0	0	0	0	0	0	0	0	0	0	0	0	0	0	0	0	0	0	0	0	0	
14327	Resplendent Belt	42	0	0	0	0	0	0	0	0	0	0	0	0	0	0	0	0	0	0	0	0	0	0	0	0	0	0	0	
14309	Celestial Belt	41	0	0	0	0	0	0	0	0	0	0	0	0	0	0	0	0	0	0	0	0	0	0	0	0	0	0	0	
14304	Bonecaster's Belt	40	0	0	0	0	0	0	0	0	0	0	0	0	0	0	0	0	0	0	0	0	0	0	0	0	0	0	0	
14143	Ghostweave Belt	39	0	0	8	0	0	0	0	0	0	0	0	0	0	0	0	0	0	0	0	0	0	0	0	0	0	0	0	
10103	Councillor's Sash	39	0	0	0	0	0	0	0	0	0	0	0	0	0	0	0	0	0	0	0	0	0	0	0	0	0	0	0	
10180	Mystical Belt	38	0	0	0	0	0	0	0	0	0	0	0	0	0	0	0	0	0	0	0	0	0	0	0	0	0	0	0	
14286	Opulent Belt	37	0	0	0	0	0	0	0	0	0	0	0	0	0	0	0	0	0	0	0	0	0	0	0	0	0	0	0	
14289	Arachnidian Girdle	37	0	0	0	0	0	0	0	0	0	0	0	0	0	0	0	0	0	0	0	0	0	0	0	0	0	0	0	
17750	Chloromesh Girdle	37	0	0	0	0	0	0	0	0	0	0	0	0	0	0	0	0	0	0	0	0	0	0	20	0	0	0	0	
13856	Runecloth Belt	37	0	8	12	0	0	0	0	0	0	0	0	0	0	0	0	0	0	0	0	0	0	0	0	0	0	0	0	
16802	Arcanist Belt	57	11	10	20	0	0	0	0	0	0	0	0	0	0	0	0	14	0	0	0	0	0	10	0	0	0	0	0	
16828	Cenarion Belt	113	10	10	22	0	0	0	0	0	0	0	0	0	0	0	0	9	0	0	0	0	0	7	0	0	0	0	0	
16838	Earthfury Belt	237	12	7	21	0	0	0	0	0	0	0	0	0	0	0	0	0	0	0	0	18	0	7	0	0	0	0	0	
16806	Felheart Belt	57	18	8	15	0	0	0	0	0	0	0	0	0	0	0	0	20	0	0	0	0	0	7	0	0	0	0	0	
16851	Giantstalker's Belt	237	16	4	9	0	18	0	0	1	0	0	0	0	0	0	0	0	0	0	0	0	0	7	0	0	0	0	0	
16817	Girdle of Prophecy	57	10	10	22	0	0	0	0	0	0	0	0	0	0	0	0	9	0	0	0	0	0	7	0	0	0	0	0	
16858	Lawbringer Belt	421	15	8	20	13	0	0	0	0	0	0	0	0	0	0	0	0	0	0	0	18	0	7	0	0	0	0	0	
16827	Nightslayer Belt	113	18	0	0	9	17	0	0	1	0	0	0	0	0	0	0	0	0	0	0	0	0	7	0	0	0	0	0	
16543	General's Plate Leggings	743	28	0	0	20	0	0	1	2	0	0	0	0	0	0	0	0	0	0	0	0	0	0	0	0	0	0	0	
15062	Devilsaur Leggings	148	12	0	0	0	0	46	0	1	0	0	0	0	0	0	0	0	0	0	0	0	0	0	0	0	0	0	0	
15052	Black Dragonscale Leggings	320	8	0	0	0	0	54	0	0	0	0	0	0	0	0	0	0	0	0	0	0	0	13	0	0	0	0	0	
22873	Legionnaire's Plate Leggings	618	17	0	0	12	0	0	0	2	0	0	0	0	0	0	0	0	0	0	0	0	0	0	0	0	0	0	0	
14554	Cloudkeeper Legplates	617	20	0	0	20	20	0	0	0	0	0	0	0	0	0	0	0	0	0	0	0	0	0	0	0	0	0	0	
18380	Eldritch Reinforced Legplates	566	20	0	0	15	9	0	0	1	0	0	0	0	0	0	0	0	0	0	0	0	0	0	0	0	0	0	0	
16732	Legplates of Valor	557	15	4	0	23	11	0	0	0	0	0	0	0	0	0	0	0	0	0	0	0	0	0	0	0	0	0	0	
12903	Legguards of the Chromatic Defier	349	15	0	0	9	33	0	0	0	0	0	0	0	0	0	0	0	0	0	0	0	0	5	5	5	0	0	0	
13498	Handcrafted Mastersmith Leggings	548	12	0	0	29	0	0	0	0	0	0	0	0	0	0	0	0	0	0	0	0	0	0	0	0	0	0	0	
21316	Leggings of the Ursa	459	0	0	0	17	0	0	0	1	0	0	0	0	0	0	0	0	0	0	0	0	0	0	0	0	0	0	0	
18736	Plaguehound Leggings	152	6	0	0	0	30	0	1	0	0	0	0	0	0	0	0	0	0	0	0	0	0	0	0	0	0	0	0	
11802	Lavacrest Leggings	531	12	0	0	28	0	0	0	0	0	0	0	0	0	0	0	0	0	0	0	0	0	0	0	0	0	0	0	
15065	Warbear Woolies	142	12	0	0	28	0	0	0	0	0	0	0	0	0	0	0	0	0	0	0	0	0	0	0	0	0	0	0	
16709	Shadowcraft Pants	150	12	0	0	12	25	0	0	0	0	0	0	0	0	0	0	0	0	0	0	0	0	0	0	0	0	0	0	
14638	Cadaverous Leggings	150	18	0	0	0	0	52	0	0	0	0	0	0	0	0	0	0	0	0	0	0	0	0	0	0	0	0	0	
8300	Traveler's Leggings	135	0	0	0	17	17	0	0	0	0	0	0	0	0	0	0	0	0	0	0	0	0	0	0	0	0	0	0	
16728	Lightforge Legplates	557	14	9	12	20	8	0	0	0	0	0	0	0	0	0	0	0	0	0	0	0	0	0	0	0	0	0	0	
16867	Legplates of Might	655	23	0	0	24	0	0	0	0	0	7	0	1	0	0	0	0	0	0	0	0	0	0	0	0	0	0	0	
13075	Direwing Legguards	575	16	16	0	15	15	0	0	0	0	0	0	0	0	0	0	0	0	0	0	0	0	0	0	0	0	0	0	
12963	Blademaster Leggings	154	0	0	0	0	5	0	1	1	0	0	2	0	0	0	0	0	0	0	0	0	0	0	0	0	0	0	0	
11728	Savage Gladiator Leggings	296	19	0	0	12	18	0	0	0	0	0	0	0	0	0	0	0	0	0	0	0	0	0	0	0	0	0	0	
15057	Stormshroud Pants	138	0	0	0	0	0	0	0	2	0	0	1	0	0	0	0	0	0	0	0	0	0	0	0	0	0	0	0	
10740	Centurion Legplates	443	0	0	0	15	15	0	0	0	0	0	0	0	0	0	0	0	0	0	0	0	0	0	0	0	0	0	0	
9652	Gryphon Rider's Leggings	122	0	0	0	15	15	0	0	0	0	0	0	0	0	0	0	0	0	0	0	0	0	0	0	0	0	0	0	
14612	Bloodmail Legguards	315	16	0	15	15	12	0	0	0	0	0	0	0	0	0	0	0	0	0	0	0	0	0	0	0	0	0	0	
8262	Serpentskin Leggings	124	5	0	0	13	16	0	0	0	0	0	0	0	0	0	0	0	0	0	0	0	0	0	0	0	0	0	0	
18524	Leggings of Destruction	324	20	0	13	0	14	0	0	1	0	0	0	0	0	0	0	0	0	0	0	0	0	0	0	0	0	0	0	
16678	Beaststalker's Pants	315	6	12	0	6	26	0	0	0	0	0	0	0	0	0	0	0	0	0	0	0	0	0	0	0	0	0	0	
12619	Enchanted Thorium Leggings	575	21	0	0	20	0	0	0	0	0	8	0	0	0	0	0	0	0	0	0	0	0	0	0	0	0	0	0	
16962	Legplates of Wrath	749	27	0	0	19	0	0	0	0	0	11	2	0	0	0	0	0	0	0	0	0	0	10	0	0	0	0	0	
17711	Elemental Rockridge Leggings	496	18	0	0	20	0	0	0	0	0	0	0	0	0	0	0	0	0	0	0	0	0	0	10	0	0	0	0	
14850	Sunscale Legplates	435	7	0	0	19	3	0	0	0	0	0	0	0	0	0	0	0	0	0	0	0	0	0	0	0	0	0	0	
16719	Wildheart Kilt	150	14	14	14	13	12	0	0	0	0	0	0	0	0	0	0	0	0	0	0	0	0	0	0	0	0	0	0	
10633	Silvershell Leggings	470	12	10	0	20	0	0	0	0	0	0	0	0	0	0	0	0	0	0	0	0	0	0	0	0	0	0	0	
14867	Warleader's Leggings	515	18	0	0	15	7	0	0	0	0	0	0	0	0	0	0	0	0	0	0	0	0	0	0	0	0	0	0	
18861	Flamewaker Legplates	748	22	0	0	18	0	0	0	0	0	0	1	0	0	0	0	0	0	0	0	0	0	11	0	0	0	0	0	
12429	Imperial Plate Leggings	507	18	0	0	18	0	0	0	0	0	0	0	0	0	0	0	0	0	0	0	0	0	0	0	0	0	0	0	
12964	Tristam Legguards	324	13	0	0	0	0	34	0	0	0	0	2	0	0	0	0	0	0	0	0	0	0	0	0	0	0	0	0	
10373	Imbued Plate Leggings	507	0	17	0	18	0	0	0	0	0	0	0	0	0	0	0	0	0	0	0	0	0	0	0	0	0	0	0	
19117	Laquered Wooden Plate Legplates	420	10	0	0	17	0	0	0	0	0	0	0	0	0	0	0	0	0	0	0	0	0	0	0	0	0	0	0	
11882	Outrider Leggings	265	16	0	0	16	0	0	0	0	0	0	0	0	0	0	0	0	0	0	0	0	0	0	0	0	0	0	0	
14677	Pridelord Pants	131	4	0	0	3	23	0	0	0	0	0	0	0	0	0	0	0	0	0	0	0	0	0	0	0	0	0	0	
13130	Windrunner Legguards	291	0	11	0	0	27	0	0	0	0	0	0	0	0	0	0	0	0	0	0	0	0	0	0	0	0	0	0	
16668	Kilt of Elements	315	7	20	15	12	6	0	0	0	0	0	0	0	0	0	0	0	0	0	0	0	0	0	0	0	0	0	0	
8318	Alabaster Plate Leggings	467	3	16	0	15	0	0	0	0	0	0	0	0	0	0	0	0	0	0	0	0	0	0	0	0	0	0	0	
12935	Warmaster Legguards	575	15	0	0	13	0	0	0	0	0	0	2	0	0	0	0	0	0	0	0	0	0	0	0	0	0	0	0	
10742	Dragonflight Leggings	58	0	14	0	6	13	0	0	0	0	0	0	0	0	0	0	0	0	0	0	0	0	0	0	0	0	0	0	
15087	Wicked Leather Pants	131	12	0	0	0	20	0	0	0	0	0	0	0	0	0	0	0	0	0	0	0	0	0	0	0	0	0	0	
18298	Unbridled Leggings	140	18	0	0	11	0	0	0	0	0	0	0	0	0	0	0	0	0	0	0	0	0	0	0	0	0	0	0	
17754	Infernal Trickster Leggings	263	0	0	9	0	20	0	0	0	0	0	0	0	0	0	4	0	0	0	0	0	0	0	0	0	0	0	0	
14668	Keeper's Woolies	120	7	3	0	0	19	0	0	0	0	0	0	0	0	0	0	0	0	0	0	0	0	0	0	0	0	0	0	
18305	Breakwater Legguards	483	0	0	0	12	0	0	0	0	0	0	0	1	0	0	0	0	0	0	0	0	0	0	0	0	0	0	0	
8309	Hero's Leggings	286	0	17	0	0	18	0	0	0	0	0	0	0	0	0	0	0	0	0	0	0	0	0	0	0	0	0	0	
11821	Warstrife Leggings	144	12	0	0	6	6	0	0	0	0	0	2	0	0	0	0	0	0	0	0	0	0	0	0	0	0	0	0	
11749	Searingscale Leggings	277	13	10	13	0	13	0	0	0	0	0	0	0	0	0	0	0	0	0	0	0	0	10	0	0	0	0	0	
8251	Imperial Red Pants	61	0	0	15	0	15	0	0	0	0	0	0	0	0	0	0	0	0	0	0	0	0	0	0	0	0	0	0	
12041	Windshear Leggings	124	4	16	0	0	14	0	0	0	0	0	0	0	0	0	0	0	0	0	0	0	0	0	0	0	0	0	0	
8132	Myrmidon's Leggings	243	0	14	0	0	14	0	0	0	0	0	0	0	0	0	0	0	0	0	0	0	0	0	0	0	0	0	0	
11911	Treetop Leggings	62	8	18	0	8	0	0	0	0	0	0	0	0	0	0	0	0	0	0	0	0	0	0	0	0	0	0	0	
11123	Rainstrider Leggings	69	7	27	0	0	8	0	0	0	0	0	0	0	0	0	0	0	0	0	0	0	0	0	0	0	0	0	0	
15119	Highborne Pants	63	0	10	15	0	9	0	0	0	0	0	0	0	0	0	0	0	0	0	0	0	0	0	0	0	0	0	0	
18378	Silvermoon Leggings	320	16	10	16	0	6	0	0	0	0	0	0	0	0	0	0	18	0	0	0	0	0	0	0	0	0	0	0	
10842	Windscale Sarong	136	10	20	10	0	7	0	0	0	0	0	0	0	0	0	0	0	0	0	0	0	0	0	0	0	0	0	0	
10807	Kilt of the Atal'ai Prophet	69	9	18	18	4	0	0	0	0	0	0	0	0	0	0	0	0	0	0	0	0	0	0	0	0	0	0	0	
8271	Ebonhold Leggings	265	14	14	0	0	5	0	0	0	0	0	0	0	0	0	0	0	0	0	0	0	0	0	0	0	0	0	0	
17013	Dark Iron Leggings	778	14	0	0	0	0	0	0	0	0	0	0	0	0	0	0	0	0	0	0	0	0	30	0	0	0	0	0	
18690	Wraithplate Leggings	696	20	0	0	0	0	0	0	0	0	0	0	1	0	0	0	0	0	0	0	0	0	0	0	0	0	0	0	
19165	Flarecore Leggings	94	21	0	0	0	0	0	0	0	0	0	0	0	0	0	0	43	0	0	0	0	0	16	0	0	0	0	0	
18739	Chitinous Plate Legguards	557	20	0	20	0	0	0	0	0	0	0	0	0	0	0	0	0	0	0	0	0	5	0	0	0	0	0	0	
14623	Deathbone Legguards	557	20	0	0	0	0	0	0	0	0	13	0	0	0	0	0	0	0	0	0	0	5	0	0	0	0	0	0	
14522	Maelstrom Leggings	320	20	10	20	0	0	0	0	0	0	0	0	0	0	0	0	0	0	0	0	13	0	0	0	0	0	0	0	
14577	Skullsmoke Pants	76	20	0	20	0	0	0	0	0	0	0	0	0	0	0	0	0	0	0	0	0	0	10	0	0	0	0	0	
19133	Fel Infused Leggings	95	21	0	0	0	0	0	0	0	0	0	0	0	0	0	0	0	0	0	0	0	0	0	0	0	0	0	0	
14632	Necropile Leggings	76	21	12	18	0	0	0	0	0	0	0	0	0	0	0	0	0	0	0	0	0	0	0	0	0	0	0	0	
18682	Ghoul Skin Leggings	150	20	8	8	0	0	0	0	0	0	0	0	0	0	0	0	0	0	0	0	44	0	0	0	0	0	0	0	
12945	Legplates of the Chromatic Defier	349	16	26	19	0	0	0	0	0	0	0	0	0	0	0	0	0	0	0	0	0	0	5	5	5	0	0	0	
18872	Manastorm Leggings	85	19	0	14	0	0	0	0	0	0	0	0	0	0	0	0	0	0	0	0	0	14	0	0	0	0	0	0	
11910	Bejeweled Legguards	459	15	8	0	0	0	0	0	0	0	0	1	0	0	0	0	0	0	0	0	0	0	0	0	0	0	0	0	
8289	Arcane Leggings	68	17	0	17	0	0	0	0	0	0	0	0	0	0	0	0	0	0	0	0	0	0	0	0	0	0	0	0	
18875	Salamander Scale Pants	171	14	0	14	0	0	0	0	0	0	0	0	0	0	0	0	0	0	0	0	51	9	10	0	0	0	0	0	
14805	Bloodlust Britches	269	15	14	7	0	0	0	0	0	0	0	0	0	0	0	0	0	0	0	0	0	0	0	0	0	0	0	0	
22342	Leggings of Torment	78	16	0	16	0	0	0	0	0	0	0	0	0	0	0	0	0	0	0	0	0	0	0	0	0	0	0	0	
22271	Leggings of Frenzied Magic	142	15	0	15	0	0	0	0	0	0	0	0	0	0	0	0	16	0	0	0	0	5	0	0	0	0	0	0	
14687	Indomitable Leggings	138	15	7	18	0	0	0	0	0	0	0	0	0	0	0	0	0	0	0	0	0	0	0	0	0	0	0	0	
16699	Dreadmist Leggings	76	15	21	14	0	0	0	0	0	0	0	0	0	0	0	0	0	0	0	0	0	0	0	0	0	0	0	0	
18545	Leggings of Arcane Supremacy	93	14	14	24	0	0	0	0	0	0	0	0	0	0	0	0	0	0	0	0	0	0	0	0	10	0	0	0	
13383	Woollies of the Prancing Minstrel	301	12	0	10	0	0	0	0	0	0	0	0	0	0	0	0	0	0	0	0	0	10	0	0	0	0	0	0	
15079	Heavy Scorpid Leggings	269	12	20	0	0	0	0	0	0	0	0	0	0	0	0	0	0	0	0	0	0	0	0	0	0	0	0	0	
14859	Vanguard Legplates	475	10	21	0	0	0	0	0	0	0	0	0	0	0	0	0	0	0	0	0	0	0	0	0	0	0	0	0	
12965	Spiritshroud Leggings	78	13	16	16	0	0	0	0	0	0	0	0	0	0	0	0	19	0	0	0	0	0	0	0	0	0	0	0	
18346	Threadbare Trousers	68	13	0	0	0	0	0	0	0	0	0	0	0	0	0	0	0	0	0	0	0	0	0	0	0	0	0	0	
18390	Tanglemoss Leggings	150	12	13	20	0	0	0	0	0	0	0	0	0	0	0	0	0	0	0	1	0	0	0	0	0	0	0	0	
9402	Earthborn Kilt	148	12	29	0	0	0	0	0	0	0	0	0	0	0	0	0	0	0	0	0	0	0	0	0	0	0	0	0	
13169	Tressermane Leggings	148	12	15	14	0	0	0	0	0	0	0	0	0	0	0	0	19	0	0	0	0	0	0	0	0	0	0	0	
16694	Devout Skirt	76	12	23	15	0	0	0	0	0	0	0	0	0	0	0	0	0	0	0	0	0	0	0	0	0	0	0	0	
16687	Magister's Leggings	76	12	21	20	0	0	0	0	0	0	0	0	0	0	0	0	0	0	0	0	0	0	0	0	0	0	0	0	
13389	The Postmaster's Trousers	76	12	20	20	0	0	0	0	0	0	0	0	0	0	0	0	0	0	0	0	0	0	0	0	0	0	0	0	
14137	Mooncloth Leggings	72	12	21	14	0	0	0	0	0	0	0	0	0	0	0	0	0	0	0	0	0	0	0	0	0	0	0	0	
18745	Sacred Cloth Leggings	71	12	12	19	0	0	0	0	0	0	0	0	0	0	0	0	14	0	0	0	0	0	0	0	0	0	0	0	
14816	Warstrike Legguards	290	10	22	3	0	0	0	0	0	0	0	0	0	0	0	0	0	0	0	0	0	0	0	0	0	0	0	0	
15046	Green Dragonscale Leggings	282	10	22	0	0	0	0	0	0	0	0	0	0	0	0	0	0	0	0	0	0	0	0	11	0	0	0	0	
17751	Brusslehide Leggings	118	11	0	15	0	0	0	0	0	0	0	0	0	0	0	0	0	0	0	0	0	0	0	10	0	0	0	0	
14462	Elunarian Sarong	70	11	14	14	0	0	0	0	0	0	0	0	0	0	0	0	0	0	0	0	0	0	0	0	0	0	0	0	
14545	Ghostloom Leggings	152	10	13	18	0	0	0	0	0	0	0	0	0	0	0	0	0	0	0	0	0	6	0	0	0	0	0	0	
9484	Spellshock Leggings	63	9	0	10	0	0	0	0	0	0	0	0	0	0	0	0	23	0	0	0	0	0	0	0	0	0	0	0	
11823	Luminary Kilt	147	8	8	20	0	0	0	0	0	0	0	0	0	0	0	0	22	0	0	0	0	0	0	0	0	0	0	0	
15060	Living Leggings	142	8	25	0	0	0	0	0	0	0	0	0	0	0	0	0	0	0	0	0	26	0	0	5	0	0	0	0	
13170	Skyshroud Leggings	75	8	0	8	0	0	0	0	0	0	0	0	0	0	0	0	34	0	0	0	0	0	0	0	0	0	0	0	
11841	Senior Designer's Pantaloons	69	8	18	7	0	0	0	0	0	0	0	0	0	0	0	0	0	0	0	0	40	0	0	0	0	0	0	0	
12614	Runic Plate Leggings	665	0	0	0	0	0	0	0	0	0	0	0	0	0	0	0	0	0	0	0	0	0	14	14	0	0	0	0	
14796	Protector Legguards	252	6	21	0	0	0	0	0	0	0	0	0	0	0	0	0	0	0	0	0	0	0	0	0	0	0	0	0	
11927	Legplates of the Eternal Guardian	742	0	0	0	0	0	0	0	0	0	15	0	0	0	0	0	0	0	0	0	0	0	0	0	0	0	0	0	
12414	Thorium Leggings	499	0	0	0	0	0	0	0	0	0	0	0	0	0	0	0	0	0	0	0	0	0	10	10	10	0	0	0	
15054	Volcanic Leggings	204	0	0	0	0	0	0	0	0	0	0	0	0	0	0	0	0	0	0	0	0	0	20	0	0	0	0	0	
13206	Wolfshear Leggings	76	5	25	0	0	0	0	0	0	0	0	0	0	0	0	0	0	0	0	0	26	0	0	10	0	0	0	0	
13008	Dalewind Trousers	65	5	25	9	0	0	0	0	0	0	0	0	0	0	0	0	0	0	0	0	0	0	0	0	0	0	0	0	
10389	Hyperion Legplates	530	0	0	0	0	0	0	0	0	0	0	0	0	0	0	0	0	0	0	0	0	0	0	0	0	0	0	0	
14980	Exalted Legplates	522	0	0	0	0	0	0	0	0	0	0	0	0	0	0	0	0	0	0	0	0	0	0	0	0	0	0	0	
10382	Commander's Leggings	515	0	0	0	0	0	0	0	0	0	0	0	0	0	0	0	0	0	0	0	0	0	0	0	0	0	0	0	
14936	Heroic Legplates	507	0	0	0	0	0	0	0	0	0	0	0	0	0	0	0	0	0	0	0	0	0	0	0	0	0	0	0	
10280	Emerald Legplates	491	0	0	0	0	0	0	0	0	0	0	0	0	0	0	0	0	0	0	0	0	0	0	0	0	0	0	0	
14970	Glorious Legplates	483	0	0	0	0	0	0	0	0	0	0	0	0	0	0	0	0	0	0	0	0	0	0	0	0	0	0	0	
10169	Templar Legplates	475	0	0	0	0	0	0	0	0	0	0	0	0	0	0	0	0	0	0	0	0	0	0	0	0	0	0	0	
14928	Lofty Legguards	459	0	0	0	0	0	0	0	0	0	0	0	0	0	0	0	0	0	0	0	0	0	0	0	0	0	0	0	
10244	Heavy Lamellar Leggings	451	0	0	0	0	0	0	0	0	0	0	0	0	0	0	0	0	0	0	0	0	0	0	0	0	0	0	0	
14962	High Chief's Legguards	451	0	0	0	0	0	0	0	0	0	0	0	0	0	0	0	0	0	0	0	0	0	0	0	0	0	0	0	
14132	Wizardweave Leggings	62	0	0	0	0	0	0	0	0	0	0	0	0	0	0	0	0	0	0	0	0	0	16	0	0	0	0	0	
10133	Revenant Leggings	435	0	0	0	0	0	0	0	0	0	0	0	0	0	0	0	0	0	0	0	0	0	0	0	0	0	0	0	
14920	Jade Legplates	427	0	0	0	0	0	0	0	0	0	0	0	0	0	0	0	0	0	0	0	0	0	0	0	0	0	0	0	
10208	Overlord's Legplates	420	0	0	0	0	0	0	0	0	0	0	0	0	0	0	0	0	0	0	0	0	0	0	0	0	0	0	0	
20295	Blue Dragonscale Leggings	310	0	19	20	0	0	0	0	0	0	0	0	0	0	0	0	0	0	0	0	0	0	0	0	0	0	0	0	
10273	Masterwork Legplates	299	0	0	0	0	0	0	0	0	0	0	0	0	0	0	0	0	0	0	0	0	0	0	0	0	0	0	0	
10162	Mercurial Legguards	295	0	0	0	0	0	0	0	0	0	0	0	0	0	0	0	0	0	0	0	0	0	0	0	0	0	0	0	
15685	Triumphant Legplates	295	0	0	0	0	0	0	0	0	0	0	0	0	0	0	0	0	0	0	0	0	0	0	0	0	0	0	0	
15676	Magnificent Leggings	286	0	0	0	0	0	0	0	0	0	0	0	0	0	0	0	0	0	0	0	0	0	0	0	0	0	0	0	
12420	Radiant Leggings	286	0	0	0	0	0	0	0	0	0	0	0	0	0	0	0	0	0	0	0	0	0	0	0	18	0	0	0	
15665	Impenetrable Legguards	282	0	0	0	0	0	0	0	0	0	0	0	0	0	0	0	0	0	0	0	0	0	0	0	0	0	0	0	
10236	Engraved Leggings	278	0	0	0	0	0	0	0	0	0	0	0	0	0	0	0	0	0	0	0	0	0	0	0	0	0	0	0	
10124	Ornate Legguards	269	0	0	0	0	0	0	0	0	0	0	0	0	0	0	0	0	0	0	0	0	0	0	0	0	0	0	0	
15655	Merciless Legguards	265	0	0	0	0	0	0	0	0	0	0	0	0	0	0	0	0	0	0	0	0	0	0	0	0	0	0	0	
15646	Ironhide Legguards	260	0	0	0	0	0	0	0	0	0	0	0	0	0	0	0	0	0	0	0	0	0	0	0	0	0	0	0	
10199	Crusader's Leggings	256	0	0	0	0	0	0	0	0	0	0	0	0	0	0	0	0	0	0	0	0	0	0	0	0	0	0	0	
10084	Lord's Legguards	248	0	0	0	0	0	0	0	0	0	0	0	0	0	0	0	0	0	0	0	0	0	0	0	0	0	0	0	
15637	Formidable Legguards	243	0	0	0	0	0	0	0	0	0	0	0	0	0	0	0	0	0	0	0	0	0	0	0	0	0	0	0	
15627	Gryphon Mail Legguards	239	0	0	0	0	0	0	0	0	0	0	0	0	0	0	0	0	0	0	0	0	0	0	0	0	0	0	0	
12756	Leggings of Arcana	166	0	30	20	0	0	0	0	0	0	0	0	0	0	0	0	18	0	0	0	0	0	0	0	0	0	0	0	
10262	Adventurer's Legguards	142	0	0	0	0	0	0	0	0	0	0	0	0	0	0	0	0	0	0	0	0	0	0	0	0	0	0	0	
10152	Mighty Leggings	140	0	0	0	0	0	0	0	0	0	0	0	0	0	0	0	0	0	0	0	0	0	0	0	0	0	0	0	
15440	Supreme Leggings	140	0	0	0	0	0	0	0	0	0	0	0	0	0	0	0	0	0	0	0	0	0	0	0	0	0	0	0	
10227	Nightshade Leggings	138	0	0	0	0	0	0	0	0	0	0	0	0	0	0	0	0	0	0	0	0	0	0	0	0	0	0	0	
13531	Crypt Stalker Leggings	136	0	0	0	0	0	0	0	0	0	0	0	0	0	0	0	0	0	0	0	0	0	0	18	0	0	0	0	
15194	Grand Legguards	136	0	0	0	0	0	0	0	0	0	0	0	0	0	0	0	0	0	0	0	0	0	0	0	0	0	0	0	
15095	Runic Leather Pants	135	0	20	13	0	0	0	0	0	0	0	0	0	0	0	0	0	0	0	0	0	0	0	0	0	0	0	0	
18477	Shaggy Leggings	135	0	0	19	0	0	0	0	0	0	0	0	0	0	0	0	0	0	0	0	0	8	0	0	0	0	0	0	
15431	Peerless Leggings	133	0	0	0	0	0	0	0	0	0	0	0	0	0	0	0	0	0	0	0	0	0	0	0	0	0	0	0	
10112	Wanderer's Leggings	131	0	0	0	0	0	0	0	0	0	0	0	0	0	0	0	0	0	0	0	0	0	0	0	0	0	0	0	
15069	Frostsaber Leggings	129	0	0	0	0	0	0	0	0	0	0	0	0	0	0	0	0	0	0	0	0	0	0	0	17	0	0	0	
15072	Chimeric Leggings	127	0	0	0	0	0	0	0	0	0	0	0	0	0	0	0	0	0	0	0	0	0	0	16	0	0	0	0	
10188	Swashbuckler's Leggings	127	0	0	0	0	0	0	0	0	0	0	0	0	0	0	0	0	0	0	0	0	0	0	0	0	0	0	0	
15186	Praetorian Leggings	126	0	0	0	0	0	0	0	0	0	0	0	0	0	0	0	0	0	0	0	0	0	0	0	0	0	0	0	
15394	Jadefire Pants	124	0	0	0	0	0	0	0	0	0	0	0	0	0	0	0	0	0	0	0	0	0	0	0	0	0	0	0	
10074	Righteous Leggings	122	0	0	0	0	0	0	0	0	0	0	0	0	0	0	0	0	0	0	0	0	0	0	0	0	0	0	0	
10785	Atal'ai Leggings	120	0	0	0	0	0	0	0	0	0	0	0	0	0	0	0	0	0	0	0	0	0	0	0	0	0	0	0	
9954	Chieftain's Leggings	118	0	0	0	0	0	0	0	0	0	0	0	0	0	0	0	0	0	0	0	0	0	0	0	0	0	0	0	
15176	Potent Pants	116	0	0	0	0	0	0	0	0	0	0	0	0	0	0	0	0	0	0	0	0	0	0	0	0	0	0	0	
8212	Wild Leather Leggings	116	0	0	0	0	0	0	0	0	0	0	0	0	0	0	0	0	0	0	0	0	0	0	0	0	0	0	0	
18386	Padre's Trousers	76	0	0	20	0	0	0	0	0	0	0	0	0	0	0	0	0	0	0	0	42	6	0	0	0	0	0	0	
10252	Master's Leggings	72	0	0	0	0	0	0	0	0	0	0	0	0	0	0	0	0	0	0	0	0	0	0	0	0	0	0	0	
11929	Haunting Specter Leggings	71	0	28	12	0	0	0	0	0	0	0	0	0	0	0	0	0	0	0	0	0	0	0	0	0	0	0	0	
14334	Eternal Sarong	71	0	0	0	0	0	0	0	0	0	0	0	0	0	0	0	0	0	0	0	0	0	0	0	0	0	0	0	
10141	High Councillor's Pants	71	0	0	0	0	0	0	0	0	0	0	0	0	0	0	0	0	0	0	0	0	0	0	0	0	0	0	0	
10217	Elegant Leggings	69	0	0	0	0	0	0	0	0	0	0	0	0	0	0	0	0	0	0	0	0	0	0	0	0	0	0	0	
14324	Resplendent Sarong	68	0	0	0	0	0	0	0	0	0	0	0	0	0	0	0	0	0	0	0	0	0	0	0	0	0	0	0	
14315	Celestial Kilt	67	0	0	0	0	0	0	0	0	0	0	0	0	0	0	0	0	0	0	0	0	0	0	0	0	0	0	0	
14104	Brightcloth Pants	66	0	0	0	0	0	0	0	0	0	0	0	0	0	0	0	0	0	0	0	0	0	0	0	17	0	0	0	
10101	Councillor's Pants	66	0	0	0	0	0	0	0	0	0	0	0	0	0	0	0	0	0	0	0	0	0	0	0	0	0	0	0	
14144	Ghostweave Pants	66	0	0	12	0	0	0	0	0	0	0	0	0	0	0	0	0	0	0	0	0	0	0	0	0	0	0	0	
14305	Bonecaster's Sarong	65	0	0	0	0	0	0	0	0	0	0	0	0	0	0	0	0	0	0	0	0	0	0	0	0	0	0	0	
13865	Runecloth Pants	65	0	20	12	0	0	0	0	0	0	0	0	0	0	0	0	0	0	0	0	0	0	0	0	0	0	0	0	
14045	Cindercloth Pants	63	0	0	12	0	0	0	0	0	0	0	0	0	0	0	0	0	0	0	0	0	0	0	0	0	0	0	0	
13871	Frostweave Pants	63	0	12	0	0	0	0	0	0	0	0	0	0	0	0	0	0	0	0	0	0	0	0	0	0	0	0	0	
10177	Mystical Leggings	63	0	0	0	0	0	0	0	0	0	0	0	0	0	0	0	0	0	0	0	0	0	0	0	0	0	0	0	
14295	Arachnidian Legguards	62	0	0	0	0	0	0	0	0	0	0	0	0	0	0	0	0	0	0	0	0	0	0	0	0	0	0	0	
14107	Felcloth Pants	62	0	0	12	0	0	0	0	0	0	0	0	0	0	0	0	0	0	0	0	0	0	0	0	0	0	0	0	
14283	Opulent Leggings	61	0	0	0	0	0	0	0	0	0	0	0	0	0	0	0	0	0	0	0	0	0	0	0	0	0	0	0	
10064	Duskwoven Pants	60	0	0	0	0	0	0	0	0	0	0	0	0	0	0	0	0	0	0	0	0	0	0	0	0	0	0	0	
14444	Venomshroud Leggings	59	0	12	15	0	0	0	0	0	0	0	0	0	0	0	0	0	0	0	0	0	0	0	6	0	0	0	0	
14274	Gaea's Leggings	58	0	0	0	0	0	0	0	0	0	0	0	0	0	0	0	0	0	0	0	0	0	0	0	0	0	0	0	
9942	Abjurer's Pants	57	0	0	0	0	0	0	0	0	0	0	0	0	0	0	0	0	0	0	0	0	0	0	0	0	0	0	0	
16796	Arcanist Leggings	89	18	10	23	0	0	0	0	0	0	0	0	0	0	0	0	20	0	0	1	0	0	0	0	0	0	0	0	
16835	Cenarion Leggings	175	18	20	19	0	0	0	0	0	0	0	0	0	0	0	0	0	0	0	1	22	4	0	0	0	0	0	0	
16843	Earthfury Legguards	369	18	21	19	0	0	0	0	0	0	0	0	0	0	0	0	12	0	0	0	0	6	0	0	0	0	0	0	
16810	Felheart Pants	89	20	10	19	0	0	0	0	0	0	0	0	0	0	0	0	30	0	0	0	0	0	0	0	0	0	0	0	
16847	Giantstalker's Leggings	369	15	8	6	0	32	0	0	1	0	0	0	0	0	0	0	0	0	0	0	0	0	0	0	0	0	0	0	
16855	Lawbringer Legplates	655	24	18	18	7	0	0	0	0	0	0	0	0	0	0	0	0	0	0	0	22	3	0	0	0	0	0	0	
16822	Nightslayer Pants	175	15	0	0	10	33	0	0	1	0	0	0	0	0	0	0	0	0	0	0	0	0	0	0	0	0	0	0	
16814	Pants of Prophecy	89	18	20	24	0	0	0	0	0	0	0	0	0	0	0	0	0	0	0	0	22	6	0	0	0	0	0	0	
22875	Legionnaire's Chain Legguards	348	13	0	6	0	16	0	0	2	0	0	0	0	0	0	0	0	0	0	0	0	0	0	0	0	0	0	0	
22878	Legionnaire's Dragonhide Leggings	215	12	5	12	12	12	0	0	0	0	0	0	0	0	0	0	14	0	0	1	0	0	0	0	0	0	0	0	
22881	Legionnaire's Dreadweave Legguards	84	21	0	13	0	0	0	0	0	0	0	0	0	0	0	0	28	0	0	0	0	0	0	0	0	0	0	0	
22880	Legionnaire's Leather Legguards	225	22	0	0	0	0	34	1	1	0	0	0	0	0	0	0	0	0	0	0	0	0	0	0	0	0	0	0	
22887	Legionnaire's Mail Legguards	348	18	0	17	0	0	0	0	0	0	0	0	0	0	0	0	21	0	0	1	0	0	0	0	0	0	0	0	
22882	Legionnaire's Satin Legguards	144	19	0	15	0	0	0	0	0	0	0	0	0	0	0	0	21	0	0	0	0	6	0	0	0	0	0	0	
22883	Legionnaire's Silk Legguards	144	18	5	17	0	0	0	0	0	0	0	0	0	0	0	0	21	0	0	1	0	0	0	0	0	0	0	0	
16567	General's Chain Legguards	446	27	0	12	0	34	0	0	1	0	0	0	0	0	0	0	0	0	0	0	0	0	0	0	0	0	0	0	
16552	General's Dragonhide Leggings	216	18	13	15	24	18	0	0	1	0	0	0	0	0	0	0	0	0	0	0	0	0	0	0	0	0	0	0	
17593	General's Dreadweave Pants	135	28	0	19	0	0	0	0	0	0	0	0	0	0	0	0	37	0	0	0	0	0	0	0	0	0	0	0	
16564	General's Leather Legguards	236	27	0	0	0	27	0	2	1	0	0	0	0	0	0	0	0	0	0	0	0	0	0	0	0	0	0	0	
16579	General's Mail Leggings	396	23	0	23	0	0	0	0	1	0	0	0	0	0	0	0	27	0	0	1	0	0	0	0	0	0	0	0	
17625	General's Satin Leggings	165	30	0	21	0	0	0	0	0	0	0	0	0	0	0	0	32	0	0	0	0	4	0	0	0	0	0	0	
16534	General's Silk Trousers	155	26	10	20	0	0	0	0	0	0	0	0	0	0	0	0	30	0	0	1	0	0	0	0	0	0	0	0	
16909	Bloodfang Pants	197	17	0	0	11	37	0	0	1	0	0	0	0	0	0	0	0	0	0	0	0	0	10	0	0	0	0	0	
16938	Dragonstalker's Legguards	422	16	8	15	0	31	0	1	1	0	0	0	0	0	0	0	0	0	0	0	0	0	10	0	0	0	0	0	
16954	Judgement Legplates	749	26	5	27	10	0	0	0	0	0	0	0	0	0	0	0	20	0	0	0	0	4	10	0	0	0	0	0	
16922	Leggings of Transcendence	101	16	21	21	0	0	0	0	0	0	0	0	0	0	0	0	0	0	0	0	46	7	0	0	0	0	0	0	
16946	Legplates of Ten Storms	422	16	20	18	0	0	0	0	0	0	0	0	0	0	0	0	29	0	0	1	0	0	10	0	0	0	0	0	
16930	Nemesis Leggings	101	23	4	16	0	0	0	0	0	0	0	0	0	0	0	0	39	0	0	0	0	0	10	0	0	0	0	0	
16915	Netherwind Pants	101	16	5	27	0	0	0	0	0	0	0	0	0	0	0	0	30	0	0	1	0	0	10	0	0	0	0	0	
16901	Stormrage Legguards	197	17	16	26	0	0	0	0	0	0	0	0	0	0	0	0	0	0	0	0	48	0	10	0	0	0	0	0	
16545	General's Plate Boots	592	24	0	0	18	12	0	1	0	0	0	0	0	0	0	0	0	0	0	0	0	0	0	0	0	0	0	0	
16984	Black Dragonscale Boots	270	10	0	0	0	0	28	0	0	0	0	0	0	0	0	0	0	0	0	0	0	0	24	0	0	0	0	0	
14616	Bloodmail Boots	247	10	0	10	9	9	0	1	0	0	0	0	0	0	0	0	0	0	0	0	0	0	0	0	0	0	0	0	
12555	Battlechaser's Greaves	397	8	0	0	14	13	0	0	0	0	0	0	0	0	0	0	0	0	0	0	0	0	0	0	0	0	0	0	
13967	Windreaver Greaves	247	0	0	0	0	20	0	1	0	0	0	0	0	0	0	0	0	0	0	0	0	0	0	0	0	0	0	0	
22472	Boots of Ferocity	118	13	0	0	13	13	0	0	0	0	0	0	0	0	0	0	0	0	0	0	0	0	0	0	0	0	0	0	
13210	Pads of the Dread Wolf	116	14	0	0	0	0	40	0	0	0	0	0	0	0	0	0	0	0	0	0	0	0	0	0	0	0	0	0	
13070	Sapphiron's Scale Boots	417	14	0	0	14	9	0	0	0	0	0	0	0	0	0	0	0	0	0	0	0	0	0	0	0	0	0	0	
11731	Savage Gladiator Greaves	233	13	0	0	10	15	0	0	0	0	0	0	0	0	0	0	0	0	0	0	0	0	0	0	0	0	0	0	
13259	Ribsteel Footguards	438	17	0	0	10	10	0	0	0	0	0	0	0	0	0	0	0	0	0	0	0	0	0	0	0	0	0	0	
22858	Blood Guard's Plate Greaves	472	23	0	0	10	9	0	0	0	0	0	0	0	0	0	0	0	0	0	0	0	0	0	0	0	0	0	0	
11675	Shadefiend Boots	109	13	0	0	10	11	0	0	0	0	0	0	0	0	0	0	0	0	0	0	0	0	0	0	0	0	0	0	
16862	Sabatons of Might	515	26	0	0	15	0	0	0	0	0	5	0	0	0	0	0	0	0	0	0	0	0	0	0	0	0	0	0	
19144	Sabatons of the Flamewalker	298	27	0	11	0	0	30	0	0	0	0	0	0	0	0	0	0	0	0	0	0	0	0	0	0	0	0	0	
12553	Swiftwalker Boots	115	7	0	0	4	21	0	0	0	0	0	0	0	0	0	0	0	0	0	0	0	0	0	0	0	0	0	0	
18521	Grimy Metal Boots	552	0	0	0	17	0	0	0	0	0	0	1	0	0	0	0	0	0	0	0	0	0	0	0	0	0	0	0	
15861	Swiftfoot Treads	106	0	0	0	5	18	0	0	0	0	0	0	0	0	0	0	0	0	0	0	0	0	0	0	0	0	0	0	
22270	Entrenching Boots	397	10	0	10	11	5	0	0	0	0	0	0	0	0	0	0	7	0	0	0	0	0	0	0	0	0	0	0	
18506	Mongoose Boots	120	9	0	0	0	23	0	0	0	0	0	0	0	0	0	0	0	0	0	0	0	0	0	0	0	0	0	0	
12426	Imperial Plate Boots	386	12	0	0	13	0	0	0	0	0	0	0	0	0	0	0	0	0	0	0	0	0	0	0	0	0	0	0	
8256	Serpentskin Boots	94	8	0	0	7	10	0	0	0	0	0	0	0	0	0	0	0	0	0	0	0	0	0	0	0	0	0	0	
16675	Beaststalker's Boots	240	9	0	0	0	21	0	0	0	0	0	0	0	0	0	0	0	0	0	0	0	0	0	0	0	0	0	0	
14641	Cadaverous Walkers	118	20	0	0	0	0	24	0	0	0	0	0	0	0	0	0	0	0	0	0	0	0	0	0	0	0	0	0	
16711	Shadowcraft Boots	115	9	0	0	0	21	0	0	0	0	0	0	0	0	0	0	0	0	0	0	0	0	0	0	0	0	0	0	
11919	Cragplate Greaves	361	12	0	0	12	0	0	0	0	0	0	0	0	0	0	0	0	0	0	0	0	0	0	0	0	0	0	0	
12021	Shieldplate Sabatons	354	11	0	0	12	0	0	0	0	0	0	0	0	0	0	0	0	0	0	0	0	0	0	0	0	0	0	0	
8316	Alabaster Plate Greaves	348	11	0	0	12	0	0	0	0	0	0	0	0	0	0	0	0	0	0	0	0	0	0	0	0	0	0	0	
10371	Imbued Plate Greaves	379	0	12	0	13	0	0	0	0	0	0	0	0	0	0	0	0	0	0	0	0	0	0	0	0	0	0	0	
18379	Odious Greaves	251	18	0	9	0	0	22	0	0	0	0	0	0	0	0	0	0	0	0	0	0	0	0	0	0	0	0	0	
17728	Albino Crocscale Boots	105	5	0	0	0	20	0	0	0	0	0	0	0	0	0	0	0	0	0	0	0	0	0	5	0	0	0	0	
16734	Boots of Valor	424	20	3	0	8	4	0	0	0	0	0	0	0	0	0	0	0	0	0	0	0	0	0	0	0	0	0	0	
11627	Fleetfoot Greaves	218	6	0	5	0	19	0	0	0	0	0	0	0	0	0	0	0	0	0	0	0	0	0	0	0	0	0	0	
19048	Heavy Timbermaw Boots	258	23	0	0	0	0	20	0	0	0	0	0	0	0	0	0	0	0	0	0	0	0	0	0	0	0	0	0	
18692	Death Knight Sabatons	424	11	9	11	11	0	0	0	0	0	0	0	0	0	0	0	0	0	0	0	0	0	0	0	0	0	0	0	
13381	Master Cannoneer Boots	438	21	0	0	10	0	0	0	0	0	0	0	0	0	0	0	0	0	0	0	0	0	0	0	0	0	0	0	
10707	Steelsmith Greaves	342	11	0	0	11	0	0	0	0	0	0	0	0	0	0	0	0	0	0	0	0	0	0	0	0	0	0	0	
13402	Timmy's Galoshes	240	11	0	11	0	17	0	0	0	0	0	0	0	0	0	0	0	0	0	0	0	0	0	0	0	0	0	0	
20255	Whisperwalk Boots	104	4	0	0	0	18	0	0	0	0	0	0	0	0	0	0	0	0	0	0	0	0	0	0	0	0	0	0	
13125	Elven Chain Boots	206	3	7	0	0	18	0	0	0	0	0	0	0	0	0	0	0	0	0	0	0	0	0	0	0	0	0	0	
13284	Swiftdart Battleboots	236	9	0	10	0	17	0	0	0	0	0	0	0	0	0	0	0	0	0	0	0	0	0	0	0	0	0	0	
18476	Mud Stained Boots	106	15	0	0	10	0	0	0	0	0	0	0	0	0	0	0	0	0	0	0	0	0	0	0	0	0	0	0	
14857	Vanguard Sabatons	354	13	0	0	8	3	0	0	0	0	0	0	0	0	0	0	0	0	0	0	0	0	0	0	0	0	0	0	
14662	Keeper's Hooves	93	6	0	0	3	12	0	0	0	0	0	0	0	0	0	0	0	0	0	0	0	0	0	0	0	0	0	0	
18043	Coal Miner Boots	112	17	0	0	9	0	0	0	0	0	0	0	0	0	0	0	0	0	0	0	0	0	10	0	0	0	0	0	
10846	Bloodshot Greaves	221	20	0	0	5	6	0	0	0	0	0	0	0	0	0	0	0	0	0	0	0	0	0	0	0	0	0	0	
8294	Traveler's Boots	102	0	4	0	0	17	0	0	0	0	0	0	0	0	0	0	0	0	0	0	0	0	0	0	0	0	0	0	
14681	Indomitable Boots	109	6	5	0	0	16	0	0	0	0	0	0	0	0	0	0	0	0	0	0	0	0	0	0	0	0	0	0	
16725	Lightforge Boots	424	18	9	0	8	0	0	0	0	0	0	0	0	0	0	0	0	0	0	0	0	0	0	0	0	0	0	0	
14549	Boots of Avoidance	360	11	0	0	0	14	0	0	0	0	0	2	0	0	0	0	0	0	0	0	0	0	0	0	0	0	0	0	
16982	Corehound Boots	126	10	0	0	0	13	0	0	0	0	0	0	0	0	0	0	0	0	0	0	0	0	24	0	0	0	0	0	
18716	Ash Covered Boots	118	13	0	0	0	13	0	0	0	0	0	1	0	0	0	0	0	0	0	0	0	0	0	0	0	0	0	0	
18411	Spry Boots	102	0	0	0	0	12	0	0	0	0	0	1	0	0	0	0	0	0	0	0	0	0	0	0	0	0	0	0	
11865	Rancor Boots	47	0	0	11	0	12	0	0	0	0	0	0	0	0	0	0	0	0	0	0	0	0	0	0	0	0	0	0	
11908	Archaeologist's Quarry Boots	49	10	0	9	0	9	0	0	0	0	0	0	0	0	0	0	0	0	0	0	0	0	0	0	0	0	0	0	
10801	Slitherscale Boots	104	12	15	0	5	0	0	0	0	0	0	0	0	0	0	0	0	0	0	0	0	0	0	0	0	0	0	0	
16670	Boots of Elements	240	0	17	0	0	9	0	0	0	0	0	0	0	0	0	0	0	0	0	0	0	0	0	0	0	0	0	0	
14671	Pridelord Boots	100	14	7	0	4	0	0	0	0	0	0	0	0	0	0	0	0	0	0	0	0	0	0	0	0	0	0	0	
14809	Warstrike Sabatons	228	16	4	0	0	6	0	0	0	0	0	0	0	0	0	0	0	0	0	0	0	0	0	0	0	0	0	0	
14799	Bloodlust Boots	215	9	14	0	4	0	0	0	0	0	0	0	0	0	0	0	0	0	0	0	0	0	0	0	0	0	0	0	
14848	Sunscale Sabatons	330	14	5	0	0	3	0	0	0	0	0	0	0	0	0	0	0	0	0	0	0	0	0	0	0	0	0	0	
18806	Core Forged Greaves	634	28	0	0	0	0	0	0	0	0	4	0	0	0	0	0	0	0	0	0	0	0	12	0	0	0	0	0	
14447	Highborne Footpads	47	9	0	12	0	4	0	0	0	0	0	0	0	0	0	0	0	0	0	0	0	0	0	0	0	0	0	0	
12050	Hazecover Boots	48	8	7	0	0	4	0	0	0	0	0	0	0	0	0	0	0	0	0	0	0	0	0	0	0	0	0	0	
8246	Imperial Red Boots	47	0	15	0	0	4	0	0	0	0	0	0	0	0	0	0	0	0	0	0	0	0	0	0	0	0	0	0	
14537	Corpselight Greaves	445	22	0	0	0	0	0	0	0	0	0	0	0	0	0	0	0	0	0	0	0	0	0	0	0	0	0	0	
18824	Magma Tempered Boots	544	19	12	18	0	0	0	0	0	0	0	0	0	0	0	0	0	0	0	0	18	0	8	0	0	0	0	0	
18694	Shadowy Mail Greaves	251	22	0	0	0	0	0	0	0	0	0	0	0	0	0	0	0	0	0	0	0	0	0	0	0	0	0	0	
19056	Argent Boots	57	21	7	0	0	0	0	0	0	0	0	0	0	0	0	0	0	0	0	0	0	0	0	0	0	0	0	0	
8307	Hero's Boots	221	19	2	0	0	0	0	0	0	0	0	0	0	0	0	0	0	0	0	0	0	0	0	0	0	0	0	0	
12556	High Priestess Boots	58	20	7	0	0	0	0	0	0	0	0	0	0	0	0	0	0	0	0	0	0	0	0	0	0	0	0	0	
14865	Warleader's Greaves	392	16	8	0	0	0	0	0	0	0	0	0	0	0	0	0	0	0	0	0	0	0	0	0	0	0	0	0	
18424	Sedge Boots	121	18	0	11	0	0	0	0	0	0	0	0	0	0	0	0	0	0	0	0	0	0	0	5	0	0	0	0	
19052	Dawn Treaders	114	18	0	0	0	0	0	0	0	0	0	1	0	0	0	0	0	0	0	0	0	0	0	0	0	0	0	0	
22311	Ironweave Boots	150	17	0	11	0	0	0	0	0	0	0	0	0	0	0	0	0	0	0	0	0	0	0	0	0	0	0	0	
8269	Ebonhold Boots	205	16	4	0	0	0	0	0	0	0	0	0	0	0	0	0	0	0	0	0	0	0	0	0	0	0	0	0	
16704	Dreadmist Sandals	58	17	10	9	0	0	0	0	0	0	0	0	0	0	0	0	0	0	0	0	0	0	0	0	0	0	0	0	
18318	Merciful Greaves	240	14	0	14	0	0	0	0	0	0	0	0	0	0	0	0	0	0	0	0	20	0	0	0	0	0	0	0	
18047	Flame Walkers	251	10	0	0	0	0	0	0	0	0	0	1	0	0	0	0	0	0	0	0	0	0	18	0	0	0	0	0	
14631	Necropile Boots	60	15	9	10	0	0	0	0	0	0	0	0	0	0	0	0	11	0	0	0	0	0	0	0	0	0	0	0	
13391	The Postmaster's Treads	60	14	6	15	0	0	0	0	0	0	0	0	0	0	0	0	7	0	0	0	0	0	0	0	0	0	0	0	
11872	Eschewal Greaves	354	11	0	0	0	0	0	0	0	0	0	1	0	0	0	0	0	0	0	0	0	0	0	0	0	0	0	0	
13282	Ogreseer Tower Boots	58	13	13	13	0	0	0	0	0	0	0	0	0	0	0	0	0	0	0	0	0	0	0	0	0	0	0	0	
14621	Deathbone Sabatons	438	9	0	0	0	0	0	0	0	0	10	0	0	0	0	0	0	0	0	0	0	6	0	0	0	0	0	0	
18507	Boots of the Full Moon	60	12	9	12	0	0	0	0	0	0	0	0	0	0	0	0	0	0	0	0	26	0	0	0	0	0	0	0	
22240	Greaves of Withering Despair	218	10	0	10	0	0	0	0	0	0	0	0	0	0	0	0	11	0	1	0	0	0	0	0	0	0	0	0	
22231	Kayser's Boots of Precision	60	11	0	18	0	0	0	0	0	0	0	0	0	0	0	0	0	0	1	0	0	0	0	0	0	0	0	0	
13101	Wolfrunner Shoes	58	11	11	11	0	0	0	0	0	0	0	0	0	0	0	0	13	0	0	0	0	0	0	0	0	0	0	0	
15802	Mooncloth Boots	55	11	13	14	0	0	0	0	0	0	0	0	0	0	0	0	0	0	0	0	0	0	0	0	0	0	0	0	
20039	Dark Iron Boots	664	0	0	0	0	0	0	0	0	0	0	0	0	0	0	0	0	0	0	0	0	0	28	0	0	0	0	0	
13398	Boots of the Shrieker	120	10	10	10	0	0	0	0	0	0	0	0	0	0	0	0	12	0	0	0	0	0	0	0	0	0	0	0	
16715	Wildheart Boots	115	10	17	9	0	0	0	0	0	0	0	0	0	0	0	0	0	0	0	0	0	0	0	0	0	0	0	0	
19131	Snowblind Shoes	73	10	0	10	0	0	0	0	0	0	0	0	0	0	0	0	32	0	0	0	0	5	0	0	0	0	0	0	
22247	Faith Healer's Boots	61	10	12	12	0	0	0	0	0	0	0	0	0	0	0	0	0	0	0	0	26	0	0	0	0	0	0	0	
14794	Protector Ankleguards	188	8	8	8	0	0	0	0	0	0	0	0	0	0	0	0	0	0	0	0	0	0	0	0	0	0	0	0	
18735	Maleki's Footwraps	60	9	0	9	0	0	0	0	0	0	0	0	0	0	0	0	0	0	0	0	0	0	0	0	0	0	0	0	
16691	Devout Sandals	58	9	17	10	0	0	0	0	0	0	0	0	0	0	0	0	0	0	0	0	0	0	0	0	0	0	0	0	
16682	Magister's Boots	58	9	14	14	0	0	0	0	0	0	0	0	0	0	0	0	0	0	0	0	0	0	0	0	0	0	0	0	
18697	Coldstone Slippers	54	9	0	14	0	0	0	0	0	0	0	0	0	0	0	0	0	0	0	0	0	0	0	0	0	0	0	0	
22275	Firemoss Boots	112	8	0	18	0	0	0	0	0	0	0	0	0	0	0	0	0	0	0	0	20	0	0	0	0	0	0	0	
11787	Shalehusk Boots	417	5	0	0	0	0	0	0	0	0	0	2	0	0	0	0	0	0	0	0	0	0	0	0	0	0	0	0	
22245	Soot Encrusted Footwear	55	8	14	9	0	0	0	0	0	0	0	0	0	0	0	0	0	0	0	0	20	0	0	0	0	0	0	0	
18102	Dragonrider Boots	61	5	0	16	0	0	0	0	0	0	0	0	0	0	0	0	18	0	0	0	0	0	10	0	0	0	0	0	
13527	Lavawalker Greaves	404	0	0	0	0	0	0	0	0	0	0	0	0	0	0	0	0	0	0	0	0	0	20	0	0	0	0	0	
11822	Omnicast Boots	58	6	0	9	0	0	0	0	0	0	0	0	0	0	0	0	22	0	0	0	0	0	0	0	0	0	0	0	
18295	Phasing Boots	54	6	0	6	0	0	0	0	0	0	0	0	0	0	0	0	0	0	0	0	0	0	0	0	0	0	0	0	
12611	Runic Plate Boots	492	0	0	0	0	0	0	0	0	0	0	0	0	0	0	0	0	0	0	0	0	0	10	10	0	0	0	0	
12409	Thorium Boots	367	0	0	0	0	0	0	0	0	0	0	0	0	0	0	0	0	0	0	0	0	0	7	7	7	0	0	0	
13369	Fire Striders	61	0	5	0	0	0	0	0	0	0	0	0	0	0	0	0	0	0	0	0	0	0	15	0	0	0	0	0	
14978	Exalted Sabatons	410	0	0	0	0	0	0	0	0	0	0	0	0	0	0	0	0	0	0	0	0	0	0	0	0	0	0	0	
8284	Arcane Boots	51	3	16	4	0	0	0	0	0	0	0	0	0	0	0	0	0	0	0	0	0	0	0	0	0	0	0	0	
10385	Hyperion Greaves	404	0	0	0	0	0	0	0	0	0	0	0	0	0	0	0	0	0	0	0	0	0	0	0	0	0	0	0	
20662	Abyssal Plate Greaves	392	0	0	0	0	0	0	0	0	0	0	0	0	0	0	0	0	0	0	0	0	0	0	0	0	0	0	0	
10376	Commander's Boots	392	0	0	0	0	0	0	0	0	0	0	0	0	0	0	0	0	0	0	0	0	0	0	0	0	0	0	0	
14932	Heroic Greaves	379	0	0	0	0	0	0	0	0	0	0	0	0	0	0	0	0	0	0	0	0	0	0	0	0	0	0	0	
10276	Emerald Sabatons	367	0	0	0	0	0	0	0	0	0	0	0	0	0	0	0	0	0	0	0	0	0	0	0	0	0	0	0	
14972	Glorious Sabatons	367	0	0	0	0	0	0	0	0	0	0	0	0	0	0	0	0	0	0	0	0	0	0	0	0	0	0	0	
10167	Templar Boots	361	0	0	0	0	0	0	0	0	0	0	0	0	0	0	0	0	0	0	0	0	0	0	0	0	0	0	0	
14922	Lofty Sabatons	348	0	0	0	0	0	0	0	0	0	0	0	0	0	0	0	0	0	0	0	0	0	0	0	0	0	0	0	
10238	Heavy Lamellar Boots	342	0	0	0	0	0	0	0	0	0	0	0	0	0	0	0	0	0	0	0	0	0	0	0	0	0	0	0	
14957	High Chief's Sabatons	336	0	0	0	0	0	0	0	0	0	0	0	0	0	0	0	0	0	0	0	0	0	0	0	0	0	0	0	
10131	Revenant Boots	330	0	0	0	0	0	0	0	0	0	0	0	0	0	0	0	0	0	0	0	0	0	0	0	0	0	0	0	
13260	Wind Dancer Boots	247	0	16	9	0	0	0	0	0	0	0	1	0	0	0	0	0	0	0	0	0	0	0	0	0	0	0	0	
10270	Masterwork Boots	231	0	0	0	0	0	0	0	0	0	0	0	0	0	0	0	0	0	0	0	0	0	0	0	0	0	0	0	
15678	Triumphant Sabatons	231	0	0	0	0	0	0	0	0	0	0	0	0	0	0	0	0	0	0	0	0	0	0	0	0	0	0	0	
10155	Mercurial Greaves	225	0	0	0	0	0	0	0	0	0	0	0	0	0	0	0	0	0	0	0	0	0	0	0	0	0	0	0	
20656	Abyssal Mail Sabatons	221	0	0	0	0	0	0	0	0	0	0	0	0	0	0	0	0	0	0	0	0	0	0	0	0	0	0	0	
15674	Magnificent Greaves	221	0	0	0	0	0	0	0	0	0	0	0	0	0	0	0	0	0	0	0	0	0	0	0	0	0	0	0	
15658	Impenetrable Sabatons	218	0	0	0	0	0	0	0	0	0	0	0	0	0	0	0	0	0	0	0	0	0	0	0	0	0	0	0	
10234	Engraved Boots	215	0	0	0	0	0	0	0	0	0	0	0	0	0	0	0	0	0	0	0	0	0	0	0	0	0	0	0	
12419	Radiant Boots	215	0	0	0	0	0	0	0	0	0	0	0	0	0	0	0	0	0	0	0	0	0	0	0	15	0	0	0	
10119	Ornate Greaves	211	0	0	0	0	0	0	0	0	0	0	0	0	0	0	0	0	0	0	0	0	0	0	0	0	0	0	0	
15694	Merciless Greaves	201	0	0	0	0	0	0	0	0	0	0	0	0	0	0	0	0	0	0	0	0	0	0	0	0	0	0	0	
10192	Crusader's Boots	198	0	0	0	0	0	0	0	0	0	0	0	0	0	0	0	0	0	0	0	0	0	0	0	0	0	0	0	
10786	Atal'ai Boots	195	0	0	0	0	0	0	0	0	0	0	0	0	0	0	0	0	0	0	0	0	0	0	0	0	0	0	0	
15642	Ironhide Greaves	195	0	0	0	0	0	0	0	0	0	0	0	0	0	0	0	0	0	0	0	0	0	0	0	0	0	0	0	
10082	Lord's Boots	191	0	0	0	0	0	0	0	0	0	0	0	0	0	0	0	0	0	0	0	0	0	0	0	0	0	0	0	
13954	Verdant Footpads	118	0	0	0	0	0	0	0	0	0	0	0	0	0	0	0	0	0	0	0	37	0	0	0	0	0	0	0	
18322	Waterspout Boots	114	0	6	6	0	0	0	0	0	0	0	0	0	0	0	0	25	0	0	0	0	0	0	0	0	0	0	0	
15435	Supreme Shoes	110	0	0	0	0	0	0	0	0	0	0	0	0	0	0	0	0	0	0	0	0	0	0	0	0	0	0	0	
10257	Adventurer's Boots	109	0	0	0	0	0	0	0	0	0	0	0	0	0	0	0	0	0	0	0	0	0	0	0	0	0	0	0	
13111	Sandals of the Insurgent	107	0	20	8	0	0	0	0	0	0	0	0	0	0	0	0	0	0	0	0	0	0	0	0	0	0	0	0	
10146	Mighty Boots	107	0	0	0	0	0	0	0	0	0	0	0	0	0	0	0	0	0	0	0	0	0	0	0	0	0	0	0	
20658	Abyssal Leather Boots	106	0	0	0	0	0	0	0	0	0	0	0	0	0	0	0	0	0	0	0	0	0	0	0	0	0	0	0	
15189	Grand Boots	106	0	0	0	0	0	0	0	0	0	0	0	0	0	0	0	0	0	0	0	0	0	0	0	0	0	0	0	
10222	Nightshade Boots	105	0	0	0	0	0	0	0	0	0	0	0	0	0	0	0	0	0	0	0	0	0	0	0	0	0	0	0	
15426	Peerless Boots	103	0	0	0	0	0	0	0	0	0	0	0	0	0	0	0	0	0	0	0	0	0	0	0	0	0	0	0	
10106	Wanderer's Boots	100	0	0	0	0	0	0	0	0	0	0	0	0	0	0	0	0	0	0	0	0	0	0	0	0	0	0	0	
15073	Chimeric Boots	99	0	0	0	0	0	0	0	0	0	0	0	0	0	0	0	0	0	0	0	0	0	0	12	0	0	0	0	
15071	Frostsaber Boots	99	0	0	0	0	0	0	0	0	0	0	0	0	0	0	0	0	0	0	0	0	0	0	0	12	0	0	0	
15181	Praetorian Boots	99	0	0	0	0	0	0	0	0	0	0	0	0	0	0	0	0	0	0	0	0	0	0	0	0	0	0	0	
10183	Swashbuckler's Boots	97	0	0	0	0	0	0	0	0	0	0	0	0	0	0	0	0	0	0	0	0	0	0	0	0	0	0	0	
15389	Jadefire Sabatons	96	0	0	0	0	0	0	0	0	0	0	0	0	0	0	0	0	0	0	0	0	0	0	0	0	0	0	0	
10068	Righteous Boots	93	0	0	0	0	0	0	0	0	0	0	0	0	0	0	0	0	0	0	0	0	0	0	0	0	0	0	0	
15171	Potent Boots	91	0	0	0	0	0	0	0	0	0	0	0	0	0	0	0	0	0	0	0	0	0	0	0	0	0	0	0	
10247	Master's Boots	56	0	0	0	0	0	0	0	0	0	0	0	0	0	0	0	0	0	0	0	0	0	0	0	0	0	0	0	
14329	Eternal Boots	55	0	0	0	0	0	0	0	0	0	0	0	0	0	0	0	0	0	0	0	0	0	0	0	0	0	0	0	
13530	Fangdrip Runners	54	0	0	0	0	0	0	0	0	0	0	0	0	0	0	0	0	0	0	0	0	0	0	20	0	0	0	0	
10137	High Councillor's Boots	54	0	0	0	0	0	0	0	0	0	0	0	0	0	0	0	0	0	0	0	0	0	0	0	0	0	0	0	
20652	Abyssal Cloth Slippers	53	0	0	0	0	0	0	0	0	0	0	0	0	0	0	0	0	0	0	0	0	0	0	0	0	0	0	0	
14458	Elunarian Boots	53	0	17	6	0	0	0	0	0	0	0	0	0	0	0	0	0	0	0	0	0	0	0	0	0	0	0	0	
14310	Celestial Slippers	52	0	0	0	0	0	0	0	0	0	0	0	0	0	0	0	0	0	0	0	0	0	0	0	0	0	0	0	
18307	Riptide Shoes	52	0	0	12	0	0	0	0	0	0	0	0	0	0	0	0	0	0	0	0	0	0	0	0	0	0	0	0	
10211	Elegant Boots	52	0	0	0	0	0	0	0	0	0	0	0	0	0	0	0	0	0	0	0	0	0	0	0	0	0	0	0	
14319	Resplendent Boots	52	0	0	0	0	0	0	0	0	0	0	0	0	0	0	0	0	0	0	0	0	0	0	0	0	0	0	0	
14108	Felcloth Boots	51	0	12	0	0	0	0	0	0	0	0	0	0	0	0	0	0	0	0	0	0	0	0	0	0	0	0	0	
17748	Vinerot Sandals	50	0	12	12	0	0	0	0	0	0	0	0	0	0	0	0	0	0	0	0	0	0	0	12	0	0	0	0	
10095	Councillor's Boots	50	0	0	0	0	0	0	0	0	0	0	0	0	0	0	0	0	0	0	0	0	0	0	0	0	0	0	0	
13864	Runecloth Boots	50	0	14	9	0	0	0	0	0	0	0	0	0	0	0	0	0	0	0	0	0	0	0	0	0	0	0	0	
10629	Mistwalker Boots	49	0	18	8	0	0	0	0	0	0	0	0	0	0	0	0	0	0	0	0	0	0	0	0	0	0	0	0	
14299	Bonecaster's Boots	48	0	0	0	0	0	0	0	0	0	0	0	0	0	0	0	0	0	0	0	0	0	0	0	0	0	0	0	
10179	Mystical Boots	48	0	0	0	0	0	0	0	0	0	0	0	0	0	0	0	0	0	0	0	0	0	0	0	0	0	0	0	
14290	Arachnidian Footpads	46	0	0	0	0	0	0	0	0	0	0	0	0	0	0	0	0	0	0	0	0	0	0	0	0	0	0	0	
10058	Duskwoven Sandals	45	0	0	0	0	0	0	0	0	0	0	0	0	0	0	0	0	0	0	0	0	0	0	0	0	0	0	0	
14285	Opulent Boots	45	0	0	0	0	0	0	0	0	0	0	0	0	0	0	0	0	0	0	0	0	0	0	0	0	0	0	0	
16800	Arcanist Boots	70	13	11	14	0	0	0	0	0	0	0	0	0	0	0	0	11	0	0	1	0	0	0	0	0	0	0	0	
16811	Boots of Prophecy	70	17	15	18	0	0	0	0	0	0	0	0	0	0	0	0	0	0	0	0	18	0	0	0	0	0	0	0	
16829	Cenarion Boots	138	16	15	13	0	0	0	0	0	0	0	0	0	0	0	0	0	0	0	0	18	3	0	0	0	0	0	0	
16837	Earthfury Boots	290	15	22	10	0	0	0	0	0	0	0	0	0	0	0	0	0	0	0	0	18	0	0	0	0	0	0	0	
16803	Felheart Slippers	70	23	0	11	0	0	0	0	0	0	0	0	0	0	0	0	18	0	0	0	0	0	0	0	0	0	0	0	
16849	Giantstalker's Boots	290	14	6	0	0	28	0	0	0	0	0	0	0	0	0	0	0	0	0	0	0	0	0	0	0	0	0	0	
16859	Lawbringer Boots	515	20	10	13	7	0	0	0	0	0	0	0	0	0	0	0	0	0	0	0	18	2	0	0	0	0	0	0	
16824	Nightslayer Boots	138	18	0	0	0	26	0	0	0	0	0	0	0	0	0	0	0	0	0	0	0	0	0	0	0	0	0	0	
22843	Blood Guard's Chain Greaves	266	19	0	0	0	20	0	0	0	0	0	0	0	0	0	0	0	0	0	0	0	0	0	0	0	0	0	0	
22852	Blood Guard's Dragonhide Treads	126	13	6	6	13	6	0	0	0	0	0	0	0	0	0	0	14	0	0	0	0	0	0	0	0	0	0	0	
22855	Blood Guard's Dreadweave Walkers	64	17	0	13	0	0	0	0	0	0	0	0	0	0	0	0	18	0	0	0	0	0	0	0	0	0	0	0	
22856	Blood Guard's Leather Walkers	166	18	0	0	0	0	28	0	0	0	0	0	0	0	0	0	0	0	0	0	0	0	0	0	0	0	0	0	
22857	Blood Guard's Mail Greaves	266	14	0	12	13	0	0	0	0	0	0	0	0	0	0	0	0	0	0	0	0	0	0	0	0	0	0	0	
22859	Blood Guard's Satin Walkers	64	17	0	15	0	0	0	0	0	0	0	0	0	0	0	0	14	0	0	0	0	0	0	0	0	0	0	0	
22860	Blood Guard's Silk Walkers	104	15	0	10	0	0	0	0	0	0	0	0	0	0	0	0	15	0	1	0	0	0	0	0	0	0	0	0	
16569	General's Chain Boots	361	20	0	9	0	26	0	1	0	0	0	0	0	0	0	0	0	0	0	0	0	0	0	0	0	0	0	0	
16554	General's Dragonhide Boots	176	14	10	10	18	11	0	0	0	0	0	0	0	0	0	0	16	0	0	0	0	0	0	0	0	0	0	0	
17586	General's Dreadweave Boots	135	22	0	13	0	0	0	0	0	0	0	0	0	0	0	0	26	0	0	0	0	0	0	0	0	0	0	0	
16558	General's Leather Treads	186	25	0	0	0	22	0	0	0	0	0	0	0	0	0	0	0	0	0	0	0	0	0	0	0	0	0	0	
16573	General's Mail Boots	311	18	0	17	0	0	0	0	0	0	0	0	0	0	0	0	20	0	0	0	0	5	0	0	0	0	0	0	
17618	General's Satin Boots	125	21	0	18	0	0	0	0	0	0	0	0	0	0	0	0	23	0	0	0	0	0	0	0	0	0	0	0	
16539	General's Silk Boots	115	23	6	14	0	0	0	0	0	0	0	0	0	0	0	0	21	0	1	0	0	0	0	0	0	0	0	0	
19146	Wristguards of Stability	86	8	0	0	24	0	0	0	0	0	0	0	0	0	0	0	0	0	0	0	0	0	0	0	0	0	0	0	
18812	Wristguards of True Flight	198	11	0	6	0	19	0	1	0	0	0	0	0	0	0	0	0	0	0	0	0	0	0	0	0	0	0	0	
12936	Battleborn Armbraces	287	0	0	0	0	0	0	1	1	0	0	0	0	0	0	0	0	0	0	0	0	0	0	0	0	0	0	0	
13400	Vambraces of the Sadist	270	7	0	0	6	0	0	0	1	0	0	0	0	0	0	0	0	0	0	0	0	0	0	0	0	0	0	0	
18375	Bracers of the Eclipse	76	9	0	0	0	10	24	0	0	0	0	0	0	0	0	0	0	0	0	0	0	0	0	0	0	0	0	0	
18533	Gordok Bracers of Power	287	7	0	0	17	0	0	0	0	0	0	0	0	0	0	0	0	0	0	0	0	0	0	0	0	0	0	0	
12966	Blackmist Armguards	77	13	0	0	5	0	0	1	0	0	0	0	0	0	0	0	0	0	0	0	0	0	0	0	0	0	0	0	
22204	Wristguards of Renown	74	10	0	0	9	10	0	0	0	0	0	0	0	0	0	0	0	0	0	0	0	0	0	0	0	0	0	0	
17714	Bracers of the Stone Princess	141	6	0	5	0	0	30	0	0	0	0	0	0	0	0	0	0	0	0	0	0	0	0	0	0	0	0	0	
13211	Slashclaw Bracers	155	7	6	0	0	7	0	1	0	0	0	0	0	0	0	0	0	0	0	0	0	0	0	0	0	0	0	0	
15860	Blinkstrike Armguards	249	0	0	0	3	0	0	0	1	0	0	0	0	0	0	0	0	0	0	0	0	0	0	0	0	0	0	0	
22205	Black Steel Bindings	261	10	0	0	10	7	0	0	0	0	0	0	0	0	0	0	0	0	0	0	0	0	0	0	0	0	0	0	
18711	Arena Bands	131	6	0	0	0	0	28	0	0	0	0	0	0	0	0	0	0	0	0	0	0	0	0	0	0	0	0	0	
12550	Runed Golem Shackles	244	0	0	0	14	0	0	0	0	0	4	0	0	0	0	0	0	0	0	0	0	0	0	0	0	0	0	0	
13120	Deepfury Bracers	69	4	0	0	4	15	0	0	0	0	0	0	0	0	0	0	0	0	0	0	0	0	0	0	0	0	0	0	
16861	Bracers of Might	328	23	0	0	11	0	0	0	0	0	0	0	0	0	0	0	0	0	0	0	0	0	0	0	0	0	0	0	
18754	Fel Hardened Bracers	283	12	0	0	12	0	0	0	0	0	3	0	0	0	0	0	0	0	0	0	0	0	0	0	0	0	0	0	
13135	Lordly Armguards	153	8	8	7	7	7	0	0	0	0	0	0	0	0	0	0	0	0	0	0	0	0	0	0	0	0	0	0	
14672	Pridelord Bands	61	3	0	0	5	10	0	0	0	0	0	0	0	0	0	0	0	0	0	0	0	0	0	0	0	0	0	0	
16722	Lightforge Bracers	261	10	8	0	7	4	0	0	0	0	0	0	0	0	0	0	0	0	0	0	0	0	0	0	0	0	0	0	
16735	Bracers of Valor	261	14	2	0	7	3	0	0	0	0	0	0	0	0	0	0	0	0	0	0	0	0	0	0	0	0	0	0	
16681	Beaststalker's Bindings	148	7	0	0	0	15	0	0	0	0	0	0	0	0	0	0	0	0	0	0	0	0	0	0	0	0	0	0	
16710	Shadowcraft Bracers	71	7	0	0	0	15	0	0	0	0	0	0	0	0	0	0	0	0	0	0	0	0	0	0	0	0	0	0	
12425	Imperial Plate Bracers	225	8	0	0	9	0	0	0	0	0	0	0	0	0	0	0	0	0	0	0	0	0	0	0	0	0	0	0	
12112	Crypt Demon Bracers	132	0	0	0	0	14	0	0	0	0	0	0	0	0	0	0	0	0	0	0	0	0	0	0	0	0	0	0	
18394	Demon Howl Wristguards	160	17	0	0	0	0	14	0	0	0	0	0	0	0	0	0	0	0	0	0	0	0	0	0	0	0	0	0	
18296	Marksman Bands	146	6	0	0	0	12	0	0	0	0	0	0	0	0	0	6	0	0	0	0	0	0	0	0	0	0	0	0	
8295	Traveler's Bracers	64	6	0	0	0	11	0	0	0	0	0	0	0	0	0	0	0	0	0	0	0	0	0	0	0	0	0	0	
15084	Wicked Leather Bracers	61	5	0	0	0	11	0	0	0	0	0	0	0	0	0	0	0	0	0	0	0	0	0	0	0	0	0	0	
16714	Wildheart Bracers	71	0	0	15	7	0	0	0	0	0	0	0	0	0	0	0	0	0	0	0	0	0	0	0	0	0	0	0	
14807	Bloodlust Bracelets	126	0	5	0	0	11	0	0	0	0	0	0	0	0	0	0	0	0	0	0	0	0	0	0	0	0	0	0	
11679	Rubicund Armguards	143	14	0	0	0	8	0	0	0	0	0	0	0	0	0	0	0	0	0	0	0	0	0	0	0	0	0	0	
13951	Vigorsteel Vambraces	283	17	0	0	0	7	0	0	0	0	0	0	0	0	0	0	0	0	0	0	0	0	0	0	0	0	0	0	
18700	Malefic Bracers	72	16	0	0	0	7	0	0	0	0	0	0	0	0	0	0	0	0	0	0	0	0	0	0	0	0	0	0	
8311	Alabaster Plate Vambraces	222	12	0	0	3	2	0	0	0	0	0	0	0	0	0	0	0	0	0	0	0	0	0	0	0	0	0	0	
18710	Arena Bracers	64	14	0	0	0	6	0	0	0	0	0	0	0	0	0	0	0	0	0	0	0	0	0	0	0	0	0	0	
15797	Shining Armplates	245	13	0	0	2	0	0	0	0	0	0	0	0	0	0	0	0	0	0	0	0	0	0	0	0	0	0	0	
14869	Warleader's Bracers	241	13	0	0	2	0	0	0	0	0	0	0	0	0	0	0	0	0	0	0	0	0	0	0	0	0	0	0	
10746	Runesteel Vambraces	210	11	0	0	2	0	0	0	0	0	0	0	0	0	0	0	0	0	0	0	0	0	0	0	0	0	0	0	
8257	Serpentskin Bracers	58	11	0	2	0	3	0	0	0	0	0	0	0	0	0	0	0	0	0	0	0	0	0	0	0	0	0	0	
8302	Hero's Bracers	137	0	0	12	0	4	0	0	0	0	0	0	0	0	0	0	0	0	0	0	0	0	0	0	0	0	0	0	
18726	Magistrate's Cuffs	73	15	0	0	0	0	0	0	0	0	0	0	0	0	0	0	0	0	0	0	0	4	0	0	0	0	0	0	
22313	Ironweave Bracers	108	14	0	8	0	0	0	0	0	0	0	0	0	0	0	0	0	0	0	0	0	0	0	0	0	0	0	0	
10375	Imbued Plate Vambraces	237	12	0	4	0	0	0	0	0	0	0	0	0	0	0	0	0	0	0	0	0	0	0	0	0	0	0	0	
17014	Dark Iron Bracers	394	7	0	0	0	0	0	0	0	0	0	0	0	0	0	0	0	0	0	0	0	0	18	0	0	0	0	0	
15796	Seaspray Bracers	139	12	0	4	0	0	0	0	0	0	0	0	0	0	0	0	0	0	0	0	0	0	0	0	0	0	0	0	
4118	Poobah's Nose Ring	119	12	0	0	0	0	0	0	0	0	0	0	0	0	0	0	0	0	0	0	0	0	0	0	0	0	0	0	
14861	Vanguard Vambraces	218	11	4	0	0	0	0	0	0	0	0	0	0	0	0	0	0	0	0	0	0	0	0	0	0	0	0	0	
14629	Necropile Cuffs	38	12	7	11	0	0	0	0	0	0	0	0	0	0	0	0	0	0	0	0	0	0	0	0	0	0	0	0	
8264	Ebonhold Wristguards	124	11	0	3	0	0	0	0	0	0	0	0	0	0	0	0	0	0	0	0	0	0	0	0	0	0	0	0	
19135	Blacklight Bracer	44	11	8	13	0	0	0	0	0	0	0	0	0	0	0	0	0	0	0	1	0	0	0	0	0	0	0	0	
13179	Brazecore Armguards	155	10	0	11	0	0	0	0	0	0	0	0	0	0	0	0	0	0	0	0	0	3	0	0	0	0	0	0	
16703	Dreadmist Bracers	35	10	7	10	0	0	0	0	0	0	0	0	0	0	0	0	0	0	0	0	0	0	0	0	0	0	0	0	
18741	Morlune's Bracer	279	7	11	12	0	0	0	0	0	0	0	0	0	0	0	0	0	0	0	0	0	0	0	0	0	0	0	0	
14457	Elunarian Cuffs	33	9	10	0	0	0	0	0	0	0	0	0	0	0	0	0	0	0	0	0	0	0	0	0	0	0	0	0	
18712	Arena Vambraces	371	6	0	0	0	0	0	0	0	0	0	0	0	0	0	0	0	0	0	0	0	0	0	0	0	0	0	0	
15077	Heavy Scorpid Bracers	122	8	8	0	0	0	0	0	0	0	0	0	0	0	0	0	0	0	0	0	0	0	0	0	0	0	0	0	
18525	Bracers of Prosperity	77	8	5	10	0	0	0	0	0	0	0	0	0	0	0	0	0	0	0	0	22	0	0	0	0	0	0	0	
18508	Swift Flight Bracers	160	7	0	0	0	0	0	0	0	0	0	0	0	0	0	0	0	0	0	0	0	0	0	0	0	0	0	0	
16671	Bindings of Elements	148	7	10	10	0	0	0	0	0	0	0	0	0	0	0	0	0	0	0	0	0	0	0	0	0	0	0	0	
13107	Magiskull Cuffs	38	7	0	17	0	0	0	0	0	0	0	0	0	0	0	0	0	0	0	0	0	0	0	0	0	0	0	0	
13969	Loomguard Armbraces	157	6	0	7	0	0	0	0	0	0	0	0	0	0	0	0	0	0	0	0	33	0	0	0	0	0	0	0	
16697	Devout Bracers	35	7	10	10	0	0	0	0	0	0	0	0	0	0	0	0	0	0	0	0	0	0	0	0	0	0	0	0	
17746	Noxxion's Shackles	235	5	0	0	0	0	0	0	0	0	0	0	0	0	0	0	0	0	0	0	0	0	0	15	0	0	0	0	
18497	Sublime Wristguards	37	6	6	10	0	0	0	0	0	0	0	0	0	0	0	0	12	0	0	0	0	0	0	0	0	0	0	0	
11962	Manacle Cuffs	34	6	0	15	0	0	0	0	0	0	0	0	0	0	0	0	0	0	0	0	0	0	0	0	0	0	0	0	
8285	Arcane Bands	32	6	0	11	0	0	0	0	0	0	0	0	0	0	0	0	0	0	0	0	0	0	0	0	0	0	0	0	
14448	Highborne Bracelets	30	6	0	9	0	0	0	0	0	0	0	0	0	0	0	0	0	0	0	0	0	0	0	0	0	0	0	0	
23129	Bracers of Mending	38	5	13	9	0	0	0	0	0	0	0	0	0	0	0	0	0	0	0	0	18	0	0	0	0	0	0	0	
9638	Chelonian Cuffs	119	4	0	10	0	0	0	0	0	0	0	0	0	0	0	0	0	0	0	0	0	0	0	0	0	0	0	0	
16683	Magister's Bindings	35	4	5	15	0	0	0	0	0	0	0	0	0	0	0	0	0	0	0	0	0	0	0	0	0	0	0	0	
11767	Emberplate Armguards	261	0	0	0	0	0	0	0	0	0	0	0	0	0	0	0	0	0	0	0	0	0	10	0	0	0	0	0	
11875	Breezecloud Bracers	31	3	0	12	0	0	0	0	0	0	0	0	0	0	0	0	0	0	0	0	0	0	0	0	0	0	0	0	
11917	Shizzle's Nozzle Wiper	31	3	3	12	0	0	0	0	0	0	0	0	0	0	0	0	0	0	0	0	0	0	0	0	0	0	0	0	
8247	Imperial Red Bracers	29	3	0	11	0	0	0	0	0	0	0	0	0	0	0	0	0	0	0	0	0	0	0	0	0	0	0	0	
11765	Pyremail Wristguards	148	0	0	0	0	0	0	0	0	0	0	0	0	0	0	0	0	0	0	0	0	0	10	0	0	0	0	0	
18351	Magically Sealed Bracers	383	0	0	0	0	0	0	0	0	0	3	0	0	0	0	0	0	0	0	0	0	0	0	0	0	0	0	0	
11768	Incendic Bracers	32	0	0	0	0	0	0	0	0	0	0	0	0	0	0	0	0	0	0	0	0	0	14	0	0	0	0	0	
12408	Thorium Bracers	214	0	0	0	0	0	0	0	0	0	0	0	0	0	0	0	0	0	0	0	0	0	5	5	5	0	0	0	
11764	Cinderhide Armsplints	71	0	0	0	0	0	0	0	0	0	0	0	0	0	0	0	0	0	0	0	0	0	10	0	0	0	0	0	
11766	Flameweave Cuffs	35	0	0	0	0	0	0	0	0	0	0	0	0	0	0	0	0	0	0	0	0	0	10	0	0	0	0	0	
10391	Hyperion Vambraces	249	0	0	0	0	0	0	0	0	0	0	0	0	0	0	0	0	0	0	0	0	0	0	0	0	0	0	0	
18459	Gallant's Wristguards	249	0	0	14	0	0	0	0	0	0	0	0	0	0	0	0	0	0	0	0	29	0	0	0	0	0	0	0	
10377	Commander's Vambraces	245	0	0	0	0	0	0	0	0	0	0	0	0	0	0	0	0	0	0	0	0	0	0	0	0	0	0	0	
14983	Exalted Armsplints	245	0	0	0	0	0	0	0	0	0	0	0	0	0	0	0	0	0	0	0	0	0	0	0	0	0	0	0	
10282	Emerald Vambraces	234	0	0	0	0	0	0	0	0	0	0	0	0	0	0	0	0	0	0	0	0	0	0	0	0	0	0	0	
14938	Heroic Bracers	234	0	0	0	0	0	0	0	0	0	0	0	0	0	0	0	0	0	0	0	0	0	0	0	0	0	0	0	
14974	Glorious Bindings	229	0	0	0	0	0	0	0	0	0	0	0	0	0	0	0	0	0	0	0	0	0	0	0	0	0	0	0	
10171	Templar Bracers	225	0	0	0	0	0	0	0	0	0	0	0	0	0	0	0	0	0	0	0	0	0	0	0	0	0	0	0	
10239	Heavy Lamellar Vambraces	214	0	0	0	0	0	0	0	0	0	0	0	0	0	0	0	0	0	0	0	0	0	0	0	0	0	0	0	
14923	Lofty Armguards	210	0	0	0	0	0	0	0	0	0	0	0	0	0	0	0	0	0	0	0	0	0	0	0	0	0	0	0	
18263	Flarecore Wraps	43	0	0	8	0	0	0	0	0	0	0	0	0	0	0	0	0	0	0	0	0	9	7	0	0	0	0	0	
10265	Masterwork Bracers	145	0	0	0	0	0	0	0	0	0	0	0	0	0	0	0	0	0	0	0	0	0	0	0	0	0	0	0	
13528	Twilight Void Bracers	145	0	0	0	0	0	0	0	0	0	0	0	0	0	0	0	0	0	0	0	0	0	0	0	0	0	0	0	
15679	Triumphant Bracers	143	0	0	0	0	0	0	0	0	0	0	0	0	0	0	0	0	0	0	0	0	0	0	0	0	0	0	0	
10156	Mercurial Bracers	141	0	0	0	0	0	0	0	0	0	0	0	0	0	0	0	0	0	0	0	0	0	0	0	0	0	0	0	
18458	Modest Armguards	141	0	0	10	0	0	0	0	0	0	0	0	0	0	0	0	12	0	0	0	0	0	0	0	0	0	0	0	
14810	Warstrike Armsplints	139	0	13	3	0	0	0	0	0	0	0	0	0	0	0	0	0	0	0	0	0	0	0	0	0	0	0	0	
15668	Magnificent Bracers	137	0	0	0	0	0	0	0	0	0	0	0	0	0	0	0	0	0	0	0	0	0	0	0	0	0	0	0	
10229	Engraved Bracers	132	0	0	0	0	0	0	0	0	0	0	0	0	0	0	0	0	0	0	0	0	0	0	0	0	0	0	0	
15659	Impenetrable Bindings	130	0	0	0	0	0	0	0	0	0	0	0	0	0	0	0	0	0	0	0	0	0	0	0	0	0	0	0	
10126	Ornate Bracers	128	0	0	0	0	0	0	0	0	0	0	0	0	0	0	0	0	0	0	0	0	0	0	0	0	0	0	0	
10191	Crusader's Armguards	122	0	0	0	0	0	0	0	0	0	0	0	0	0	0	0	0	0	0	0	0	0	0	0	0	0	0	0	
15649	Merciless Bracers	122	0	0	0	0	0	0	0	0	0	0	0	0	0	0	0	0	0	0	0	0	0	0	0	0	0	0	0	
15639	Ironhide Bracers	119	0	0	0	0	0	0	0	0	0	0	0	0	0	0	0	0	0	0	0	0	0	0	0	0	0	0	0	
13208	Bleak Howler Armguards	75	0	14	8	0	0	0	0	0	0	0	0	0	0	0	0	0	0	0	0	15	0	0	0	0	0	0	0	
10256	Adventurer's Bracers	68	0	0	0	0	0	0	0	0	0	0	0	0	0	0	0	0	0	0	0	0	0	0	0	0	0	0	0	
14682	Indomitable Armguards	67	0	5	12	0	0	0	0	0	0	0	0	0	0	0	0	0	0	0	0	0	0	0	0	0	0	0	0	
13537	Chillhide Bracers	67	0	0	0	0	0	0	0	0	0	0	0	0	0	0	0	0	0	0	0	0	0	0	0	15	0	0	0	
10147	Mighty Armsplints	67	0	0	0	0	0	0	0	0	0	0	0	0	0	0	0	0	0	0	0	0	0	0	0	0	0	0	0	
15436	Supreme Bracers	67	0	0	0	0	0	0	0	0	0	0	0	0	0	0	0	0	0	0	0	0	0	0	0	0	0	0	0	
10800	Darkwater Bracers	66	0	0	0	0	0	0	0	0	0	0	0	0	0	0	0	0	0	0	0	0	0	0	0	0	0	0	0	
10223	Nightshade Armguards	66	0	0	0	0	0	0	0	0	0	0	0	0	0	0	0	0	0	0	0	0	0	0	0	0	0	0	0	
15188	Grand Armguards	65	0	0	0	0	0	0	0	0	0	0	0	0	0	0	0	0	0	0	0	0	0	0	0	0	0	0	0	
15425	Peerless Bracers	63	0	0	0	0	0	0	0	0	0	0	0	0	0	0	0	0	0	0	0	0	0	0	0	0	0	0	0	
15092	Runic Leather Bracers	63	0	10	10	0	0	0	0	0	0	0	0	0	0	0	0	0	0	0	0	0	0	0	0	0	0	0	0	
10107	Wanderer's Bracers	62	0	0	0	0	0	0	0	0	0	0	0	0	0	0	0	0	0	0	0	0	0	0	0	0	0	0	0	
10184	Swashbuckler's Bracers	60	0	0	0	0	0	0	0	0	0	0	0	0	0	0	0	0	0	0	0	0	0	0	0	0	0	0	0	
15182	Praetorian Wristbands	59	0	0	0	0	0	0	0	0	0	0	0	0	0	0	0	0	0	0	0	0	0	0	0	0	0	0	0	
15387	Jadefire Bracelets	58	0	0	0	0	0	0	0	0	0	0	0	0	0	0	0	0	0	0	0	0	0	0	0	0	0	0	0	
12626	Funeral Cuffs	37	0	5	14	0	0	0	0	0	0	0	0	0	0	0	0	0	0	0	0	0	0	0	0	0	0	0	0	
13958	Wyrmthalak's Shackles	37	0	15	9	0	0	0	0	0	0	0	0	0	0	0	0	0	0	0	0	0	0	0	0	0	0	0	0	
13409	Tearfall Bracers	35	0	0	0	0	0	0	0	0	0	0	0	0	0	0	0	0	0	0	0	0	0	0	0	0	0	0	0	
10248	Master's Bracers	35	0	0	0	0	0	0	0	0	0	0	0	0	0	0	0	0	0	0	0	0	0	0	0	0	0	0	0	
12546	Aristocratic Cuffs	34	0	6	15	0	0	0	0	0	0	0	0	0	0	0	0	0	0	0	0	0	0	0	0	0	0	0	0	
10136	High Councillor's Bracers	34	0	0	0	0	0	0	0	0	0	0	0	0	0	0	0	0	0	0	0	0	0	0	0	0	0	0	0	
14330	Eternal Bindings	34	0	0	0	0	0	0	0	0	0	0	0	0	0	0	0	0	0	0	0	0	0	0	0	0	0	0	0	
10213	Elegant Bracers	33	0	0	0	0	0	0	0	0	0	0	0	0	0	0	0	0	0	0	0	0	0	0	0	0	0	0	0	
18337	Orphic Bracers	33	0	7	7	0	0	0	0	0	0	0	0	0	0	0	0	0	0	0	0	0	0	0	0	0	0	0	0	
14320	Resplendent Bracelets	32	0	0	0	0	0	0	0	0	0	0	0	0	0	0	0	0	0	0	0	0	0	0	0	0	0	0	0	
18709	Arena Wristguards	31	0	6	0	0	0	0	0	0	0	0	0	0	0	0	0	0	0	0	1	0	0	0	0	0	0	0	0	
10096	Councillor's Cuffs	31	0	0	0	0	0	0	0	0	0	0	0	0	0	0	0	0	0	0	0	0	0	0	0	0	0	0	0	
14311	Celestial Bindings	31	0	0	0	0	0	0	0	0	0	0	0	0	0	0	0	0	0	0	0	0	0	0	0	0	0	0	0	
14301	Bonecaster's Bindings	30	0	0	0	0	0	0	0	0	0	0	0	0	0	0	0	0	0	0	0	0	0	0	0	0	0	0	0	
10173	Mystical Bracers	30	0	0	0	0	0	0	0	0	0	0	0	0	0	0	0	0	0	0	0	0	0	0	0	0	0	0	0	
14291	Arachnidian Bracelets	29	0	0	0	0	0	0	0	0	0	0	0	0	0	0	0	0	0	0	0	0	0	0	0	0	0	0	0	
10059	Duskwoven Bracers	29	0	0	0	0	0	0	0	0	0	0	0	0	0	0	0	0	0	0	0	0	0	0	0	0	0	0	0	
16799	Arcanist Bindings	44	8	6	15	0	0	0	0	0	0	0	0	0	0	0	0	12	0	0	0	0	3	0	0	0	0	0	0	
16830	Cenarion Bracers	88	13	13	14	0	0	0	0	0	0	0	0	0	0	0	0	6	0	0	0	0	0	0	0	0	0	0	0	
16840	Earthfury Bracers	185	10	11	17	0	0	0	0	0	0	0	0	0	0	0	0	6	0	0	0	0	0	0	0	0	0	0	0	
16804	Felheart Bracers	44	18	8	11	0	0	0	0	0	0	0	0	0	0	0	0	13	0	0	0	0	0	0	0	0	0	0	0	
16850	Giantstalker's Bracers	185	11	5	6	0	20	0	0	0	0	0	0	0	0	0	0	0	0	0	0	0	0	0	0	0	0	0	0	
16857	Lawbringer Bracers	328	11	11	8	10	0	0	0	0	0	0	0	0	0	0	0	0	0	0	0	0	0	0	0	0	0	0	0	
16825	Nightslayer Bracelets	88	15	0	0	0	20	0	0	0	0	0	0	0	0	0	0	0	0	0	0	0	0	0	0	0	0	0	0	
16819	Vambraces of Prophecy	44	8	10	14	0	0	0	0	0	0	0	0	0	0	0	0	0	0	0	0	24	2	0	0	0	0	0	0	
18823	Aged Core Leather Gloves	130	15	0	0	15	0	0	0	1	5	0	0	0	0	0	0	0	0	0	0	0	0	8	0	0	0	0	0	
14551	Edgemaster's Handguards	201	0	0	0	0	0	0	0	0	7	0	0	0	0	0	0	0	0	0	0	0	0	0	0	0	0	0	0	
19143	Flameguard Gauntlets	488	13	0	0	0	0	54	0	1	0	0	0	0	0	0	0	0	0	0	0	0	0	0	0	0	0	0	0	
15063	Devilsaur Gauntlets	103	9	0	0	0	0	28	0	1	0	0	0	0	0	0	0	0	0	0	0	0	0	0	0	0	0	0	0	
16548	General's Plate Gauntlets	532	23	0	0	20	0	0	0	1	0	0	0	0	0	0	0	0	0	0	0	0	0	0	0	0	0	0	0	
19157	Chromatic Gauntlets	279	0	0	0	0	0	44	0	1	0	0	0	0	0	0	0	0	0	0	1	0	0	5	5	5	0	0	0	
16863	Gauntlets of Might	468	17	0	0	22	0	0	1	0	0	5	0	0	0	0	0	0	0	0	0	0	0	7	0	0	0	0	0	
18544	Doomhide Gauntlets	133	14	0	0	0	14	42	0	0	0	0	0	0	0	0	0	0	0	0	0	0	0	8	0	0	0	0	0	
13963	Voone's Vice Grips	221	6	0	0	0	9	0	2	0	0	0	0	0	0	0	0	0	0	0	0	0	0	0	0	0	0	0	0	
13957	Gargoyle Slashers	107	12	0	0	10	5	0	0	1	0	0	0	0	0	0	0	0	0	0	0	0	0	0	0	0	0	0	0	
19057	Gloves of the Dawn	417	10	0	0	23	0	0	0	0	0	0	0	0	0	0	0	0	0	0	0	0	0	0	0	0	0	0	0	
19049	Timbermaw Brawlers	112	10	0	0	23	0	0	0	0	0	0	0	0	0	0	0	0	0	0	0	0	0	0	0	0	0	0	0	
18366	Gordok's Handguards	392	10	9	0	10	0	0	0	1	0	0	0	0	0	0	0	0	0	0	0	0	0	0	0	0	0	0	0	
13162	Reiver Claws	398	15	0	0	9	0	0	0	1	0	0	0	0	0	0	0	0	0	0	0	0	0	0	0	0	0	0	0	
14640	Cadaverous Gloves	107	9	0	0	0	0	44	0	0	0	0	0	0	0	0	0	0	0	0	0	0	0	0	0	0	0	0	0	
21278	Stormshroud Gloves	109	0	0	0	0	0	0	1	1	0	0	0	0	0	0	0	0	0	0	0	0	0	0	0	0	0	0	0	
14615	Bloodmail Gauntlets	225	10	0	10	9	0	0	0	1	0	0	0	0	0	0	0	0	0	0	0	0	0	0	0	0	0	0	0	
867	Gloves of Holy Might	86	0	0	0	0	0	20	0	1	0	0	0	0	0	0	0	0	0	0	0	0	0	0	0	0	0	0	0	
11745	Fists of Phalanx	367	9	0	0	20	0	0	0	0	0	0	0	0	0	0	0	0	0	0	0	0	0	0	0	0	0	0	0	
13395	Skul's Fingerbone Claws	105	10	0	0	0	0	40	0	0	0	0	0	0	0	0	0	0	0	0	0	0	0	0	0	0	0	0	0	
21319	Gloves of the Pathfinder	94	0	0	0	13	12	0	0	0	0	0	0	0	0	0	0	0	0	0	0	0	0	0	0	0	0	0	0	
10369	Imbued Plate Gauntlets	345	3	0	0	18	3	0	0	0	0	0	0	0	0	0	0	0	0	0	0	0	0	0	0	0	0	0	0	
22343	Handguards of Savagery	231	10	0	9	0	0	38	0	0	0	0	0	0	0	0	0	0	0	0	0	0	0	0	0	0	0	0	0	
16737	Gauntlets of Valor	386	10	8	0	17	3	0	0	0	0	0	0	0	0	0	0	0	0	0	0	0	0	0	0	0	0	0	0	
18349	Gauntlets of Accuracy	204	0	0	0	0	15	0	1	0	0	0	0	0	0	0	0	0	0	0	0	0	0	0	0	0	0	0	0	
12051	Brazen Gauntlets	183	2	0	0	12	12	0	0	0	0	0	0	0	0	0	0	0	0	0	0	0	0	0	0	0	0	0	0	
12114	Nightfall Gloves	91	0	0	0	12	12	0	0	0	0	0	0	0	0	0	0	0	0	0	0	0	0	0	0	0	0	0	0	
22868	Blood Guard's Plate Gauntlets	429	17	0	0	17	0	0	0	0	0	0	0	0	0	0	0	0	0	0	0	0	0	0	0	0	0	0	0	
16712	Shadowcraft Gloves	105	9	10	0	9	14	0	0	0	0	0	0	0	0	0	0	0	0	0	0	0	0	0	0	0	0	0	0	
8314	Alabaster Plate Gauntlets	317	0	0	0	14	7	0	0	0	0	0	0	0	0	0	0	0	0	0	0	0	0	0	0	0	0	0	0	
11867	Maddening Gauntlets	180	0	0	0	15	5	0	0	0	0	0	0	0	0	0	0	0	0	0	0	0	0	0	0	0	0	0	0	
15823	Bricksteel Gauntlets	186	0	0	0	18	0	0	0	0	0	0	0	0	0	0	0	0	0	0	0	0	0	0	0	0	0	0	0	
8260	Serpentskin Gloves	86	0	0	0	11	11	0	0	0	0	0	0	0	0	0	0	0	0	0	0	0	0	0	0	0	0	0	0	
14863	Warleader's Gauntlets	356	6	0	0	17	0	0	0	0	0	0	0	0	0	0	0	0	0	0	0	0	0	0	0	0	0	0	0	
12111	Lavaplate Gauntlets	345	5	0	0	17	0	0	0	0	0	0	0	0	0	0	0	0	0	0	0	0	0	0	0	0	0	0	0	
15708	Blight Leather Gloves	94	8	0	0	8	13	0	0	0	0	0	0	0	0	0	0	0	0	0	0	0	0	0	0	0	0	0	0	
22410	Gauntlets of Deftness	311	10	0	0	0	23	0	0	0	0	0	0	0	0	0	0	0	0	0	0	0	0	0	0	0	0	0	0	
14675	Pridelord Gloves	91	8	0	0	7	12	0	0	0	0	0	0	0	0	0	0	0	0	0	0	0	0	0	0	0	0	0	0	
16724	Lightforge Gauntlets	386	9	14	0	14	0	0	0	0	0	0	0	0	0	0	0	0	0	0	0	0	0	0	0	0	0	0	0	
17736	Rockgrip Gauntlets	198	10	0	10	0	0	28	0	0	0	0	0	0	0	0	0	0	0	0	0	0	0	0	0	0	0	0	0	
14846	Sunscale Gauntlets	300	7	0	0	12	3	0	0	0	0	0	0	0	0	0	0	0	0	0	0	0	0	0	0	0	0	0	0	
12639	Stronghold Gauntlets	441	12	0	0	0	0	0	0	1	0	0	0	1	0	0	0	0	0	0	0	0	0	0	0	0	0	0	0	
15795	Emerald Mist Gauntlets	345	13	0	0	12	0	0	0	0	0	0	0	0	0	0	0	0	0	0	0	0	0	0	0	0	0	0	0	
8298	Traveler's Gloves	92	0	0	12	13	0	0	0	0	0	0	0	0	0	0	0	0	0	0	0	0	0	0	0	0	0	0	0	
18377	Quickdraw Gloves	109	7	0	0	7	8	0	0	0	0	0	1	0	0	0	0	0	0	0	0	0	0	0	0	0	0	0	0	
14802	Bloodlust Gauntlets	186	12	0	0	7	7	0	0	0	0	0	0	0	0	0	0	0	0	0	0	0	0	0	0	0	0	0	0	
11730	Savage Gladiator Grips	211	14	0	12	5	9	0	0	0	0	0	0	0	0	0	0	0	0	0	0	0	0	0	0	0	0	0	0	
12637	Backusarian Gauntlets	392	15	0	9	9	0	0	0	0	0	0	0	0	0	0	0	0	0	0	0	0	0	0	0	0	0	0	0	
13072	Stonegrip Gauntlets	392	14	0	0	9	0	0	0	0	0	10	0	0	0	0	0	0	0	0	0	0	0	0	0	0	0	0	0	
13255	Trueaim Gauntlets	218	0	0	0	0	0	0	1	0	0	0	0	0	0	0	24	0	0	0	0	0	0	0	0	0	0	0	0	
19164	Dark Iron Gauntlets	495	16	0	0	0	12	0	0	0	0	0	0	0	0	0	0	0	0	0	0	0	0	28	0	0	0	0	0	
16676	Beaststalker's Gloves	218	9	10	9	0	14	0	0	0	0	0	0	0	0	0	0	0	0	0	0	0	0	0	0	0	0	0	0	
16672	Gauntlets of Elements	218	4	16	10	9	0	0	0	0	0	0	0	0	0	0	0	0	0	0	0	0	0	0	0	0	0	0	0	
18744	Plaguebat Fur Gloves	103	14	0	0	0	13	0	0	0	0	0	0	0	0	0	0	0	0	0	0	0	0	0	0	0	0	0	0	
13126	Battlecaller Gauntlets	198	9	15	0	8	0	0	0	0	0	0	0	0	0	0	0	0	0	0	0	0	0	0	0	0	0	0	0	
15083	Wicked Leather Gauntlets	86	11	0	0	0	12	0	0	0	0	0	0	0	0	0	0	0	0	0	0	0	0	0	0	0	0	0	0	
18326	Razor Gauntlets	386	0	0	0	8	0	0	0	0	0	0	0	0	0	0	0	0	0	0	0	0	0	0	0	0	0	0	0	
8305	Hero's Gauntlets	198	0	0	13	0	13	0	0	0	0	0	0	0	0	0	0	0	0	0	0	0	0	0	0	0	0	0	0	
11814	Molten Fists	215	11	0	11	0	10	0	0	0	0	0	0	0	0	0	0	0	0	0	0	0	0	10	0	0	0	0	0	
11918	Grotslab Gloves	186	0	0	12	0	12	0	0	0	0	0	0	0	0	0	0	0	0	0	0	0	0	0	0	0	0	0	0	
18344	Stonebark Gauntlets	105	10	0	0	0	10	0	0	0	0	0	0	0	0	0	0	0	0	0	0	0	0	0	16	0	0	0	0	
14855	Vanguard Gauntlets	328	12	6	0	0	9	0	0	0	0	0	0	0	0	0	0	0	0	0	0	0	0	0	0	0	0	0	0	
14451	Highborne Gloves	43	0	10	10	3	5	0	0	0	0	0	0	0	0	0	0	0	0	0	0	0	0	0	0	0	0	0	0	
10808	Gloves of the Atal'ai Prophet	49	6	20	0	5	0	0	0	0	0	0	0	0	0	0	0	0	0	0	0	0	0	0	0	0	0	0	0	
20369	Azurite Fists	195	7	6	7	0	6	0	0	0	0	0	0	0	0	0	0	0	0	0	1	0	0	0	0	0	0	0	0	
14792	Protector Gauntlets	171	0	15	0	0	4	0	0	0	0	0	0	0	0	0	0	0	0	0	0	0	0	0	0	0	0	0	0	
18808	Gloves of the Hypnotic Flame	67	18	8	19	0	0	0	0	0	0	0	0	0	0	0	0	9	0	0	0	0	0	0	0	0	0	0	0	
18383	Force Imbued Gauntlets	538	14	0	0	0	0	0	0	0	0	7	0	0	0	0	0	0	0	0	0	0	0	0	0	0	0	0	0	
22304	Ironweave Gloves	144	17	0	11	0	0	0	0	0	0	0	0	0	0	0	0	0	0	0	0	0	0	0	0	0	0	0	0	
14622	Deathbone Gauntlets	398	14	0	0	0	0	0	0	0	0	10	0	0	0	0	0	0	0	0	0	0	4	0	0	0	0	0	0	
13244	Gilded Gauntlets	221	14	0	15	0	0	0	0	0	0	0	0	0	0	0	0	0	0	0	0	0	4	0	0	0	0	0	0	
16979	Flarecore Gloves	60	10	0	14	0	0	0	0	0	0	0	0	0	0	0	0	0	0	0	0	0	0	25	0	0	0	0	0	
23128	The Shadow's Grasp	55	14	0	14	0	0	0	0	0	0	0	0	0	0	0	0	0	0	0	0	0	0	0	0	0	0	0	0	
11634	Silkweb Gloves	48	14	0	13	0	0	0	0	0	0	0	0	0	0	0	0	0	0	0	0	0	3	0	0	0	0	0	0	
14685	Indomitable Gauntlets	99	13	0	14	0	0	0	0	0	0	0	0	0	0	0	0	0	0	0	0	0	0	0	0	0	0	0	0	
15078	Heavy Scorpid Gauntlet	186	12	12	0	0	0	0	0	0	0	0	0	0	0	0	0	0	0	0	0	0	0	0	0	0	0	0	0	
16705	Dreadmist Wraps	52	13	14	9	0	0	0	0	0	0	0	0	0	0	0	0	0	0	0	0	0	0	0	0	0	0	0	0	
8287	Arcane Gloves	46	13	0	12	0	0	0	0	0	0	0	0	0	0	0	0	0	0	0	0	0	0	0	0	0	0	0	0	
14815	Warstrike Gauntlets	207	11	10	10	0	0	0	0	0	0	0	0	0	0	0	0	0	0	0	0	0	0	0	0	0	0	0	0	
18693	Shivery Handwraps	55	12	9	12	0	0	0	0	0	0	0	0	0	0	0	0	0	0	0	0	0	0	0	0	0	0	0	0	
18306	Gloves of Shadowy Mist	47	12	0	0	0	0	0	0	0	0	0	0	0	0	0	0	0	0	0	0	0	0	0	0	0	0	0	0	
13344	Dracorian Gauntlets	231	10	9	11	0	0	0	0	0	0	0	0	0	0	0	0	16	0	0	0	0	0	0	0	0	0	0	0	
13184	Fallbrush Handgrips	107	11	11	12	0	0	0	0	0	0	0	0	0	0	0	0	0	0	0	0	20	0	0	0	0	0	0	0	
18367	Gordok's Gauntlets	221	10	9	10	0	0	0	0	0	0	0	0	0	0	0	0	0	0	0	1	0	0	0	0	0	0	0	0	
16994	Duskwing Gloves	96	11	5	14	0	0	0	0	0	0	0	0	0	0	0	0	0	0	0	0	0	0	0	0	0	0	0	0	
17007	Stonerender Gauntlets	209	10	20	10	0	0	0	0	0	0	0	0	0	0	0	0	0	0	0	0	0	0	0	10	0	0	0	0	
8249	Imperial Red Gloves	42	11	0	11	0	0	0	0	0	0	0	0	0	0	0	0	0	0	0	0	0	0	0	0	0	0	0	0	
9665	Wingcrest Gloves	41	11	0	10	0	0	0	0	0	0	0	0	0	0	0	0	0	0	0	0	0	0	0	0	0	0	0	0	
18368	Gordok's Gloves	106	10	9	10	0	0	0	0	0	0	0	0	0	0	0	0	0	0	0	1	0	0	0	0	0	0	0	0	
18309	Gloves of Restoration	105	10	0	9	0	0	0	0	0	0	0	0	0	0	0	0	0	0	0	0	37	0	0	0	0	0	0	0	
11665	Ogreseer Fists	97	10	8	10	0	0	0	0	0	0	0	0	0	0	0	0	13	0	0	0	0	0	0	0	0	0	0	0	
18369	Gordok's Handwraps	53	10	9	10	0	0	0	0	0	0	0	0	0	0	0	0	0	0	0	1	0	0	0	0	0	0	0	0	
18407	Felcloth Gloves	55	9	0	0	0	0	0	0	0	0	0	0	0	0	0	0	0	0	0	0	0	0	0	0	0	0	0	0	
18409	Mooncloth Gloves	55	9	15	16	0	0	0	0	0	0	0	0	0	0	0	0	0	0	0	0	0	0	0	0	0	0	0	0	
18387	Brightspark Gloves	53	9	0	15	0	0	0	0	0	0	0	0	0	0	0	0	0	0	0	1	0	0	0	0	0	0	0	0	
16692	Devout Gloves	52	9	17	10	0	0	0	0	0	0	0	0	0	0	0	0	0	0	0	0	0	0	0	0	0	0	0	0	
16684	Magister's Gloves	52	9	14	14	0	0	0	0	0	0	0	0	0	0	0	0	0	0	0	0	0	0	0	0	0	0	0	0	
13181	Demonskin Gloves	51	9	17	9	0	0	0	0	0	0	0	0	0	0	0	0	0	0	0	0	0	0	0	0	0	0	0	0	
22256	Mana Shaping Handwraps	51	9	7	11	0	0	0	0	0	0	0	0	0	0	0	0	16	0	0	0	0	0	0	0	0	0	0	0	
19119	Owlbeast Hide Gloves	83	8	8	9	0	0	0	0	0	0	0	0	0	0	0	0	0	0	0	0	0	0	0	0	0	0	0	0	
14461	Elunarian Handgrips	50	8	12	8	0	0	0	0	0	0	0	0	0	0	0	0	0	0	0	0	0	0	0	0	0	0	0	0	
18527	Harmonious Gauntlets	231	5	5	5	0	0	0	0	0	0	0	0	0	0	0	0	0	0	0	0	51	0	0	0	0	0	0	0	
20296	Green Dragonscale Gauntlets	208	5	18	0	0	0	0	0	0	0	0	0	0	0	0	0	0	0	0	0	0	0	0	9	0	0	0	0	
14543	Darkshade Gloves	55	6	6	7	0	0	0	0	0	0	0	0	0	0	0	0	0	0	0	0	0	0	0	0	0	0	0	0	
12547	Mar Alom's Grip	100	5	8	10	0	0	0	0	0	0	0	0	0	0	0	0	0	0	0	0	22	0	0	0	0	0	0	0	
12631	Fiery Plate Gauntlets	379	0	0	0	0	0	0	0	0	0	0	0	0	0	0	0	0	0	0	0	0	0	10	0	0	0	0	0	
12632	Storm Gauntlets	218	0	0	7	0	0	0	0	0	0	0	0	0	0	0	0	0	0	0	0	0	0	10	0	0	0	0	0	
10386	Hyperion Gauntlets	368	0	0	0	0	0	0	0	0	0	0	0	0	0	0	0	0	0	0	0	0	0	0	0	0	0	0	0	
14976	Exalted Gauntlets	362	0	0	0	0	0	0	0	0	0	0	0	0	0	0	0	0	0	0	0	0	0	0	0	0	0	0	0	
20653	Abyssal Plate Gauntlets	356	0	0	0	0	0	0	0	0	0	0	0	0	0	0	0	0	0	0	0	0	0	0	0	0	0	0	0	
13539	Banshee's Touch	356	0	0	0	0	0	0	0	0	0	0	0	0	0	0	0	0	0	0	0	0	0	0	0	13	0	0	0	
10380	Commander's Gauntlets	356	0	0	0	0	0	0	0	0	0	0	0	0	0	0	0	0	0	0	0	0	0	0	0	0	0	0	0	
14933	Heroic Gauntlets	345	0	0	0	0	0	0	0	0	0	0	0	0	0	0	0	0	0	0	0	0	0	0	0	0	0	0	0	
10277	Emerald Gauntlets	339	0	0	0	0	0	0	0	0	0	0	0	0	0	0	0	0	0	0	0	0	0	0	0	0	0	0	0	
12464	Bloodfire Talons	96	0	9	5	0	0	0	0	0	0	0	0	0	0	0	0	18	0	0	0	0	0	10	0	0	0	0	0	
14967	Glorious Gauntlets	334	0	0	0	0	0	0	0	0	0	0	0	0	0	0	0	0	0	0	0	0	0	0	0	0	0	0	0	
10165	Templar Gauntlets	328	0	0	0	0	0	0	0	0	0	0	0	0	0	0	0	0	0	0	0	0	0	0	0	0	0	0	0	
14926	Lofty Gauntlets	317	0	0	0	0	0	0	0	0	0	0	0	0	0	0	0	0	0	0	0	0	0	0	0	0	0	0	0	
10242	Heavy Lamellar Gauntlets	311	0	0	0	0	0	0	0	0	0	0	0	0	0	0	0	0	0	0	0	0	0	0	0	0	0	0	0	
14959	High Chief's Gauntlets	311	0	0	0	0	0	0	0	0	0	0	0	0	0	0	0	0	0	0	0	0	0	0	0	0	0	0	0	
10129	Revenant Gauntlets	300	0	0	0	0	0	0	0	0	0	0	0	0	0	0	0	0	0	0	0	0	0	0	0	0	0	0	0	
10268	Masterwork Gauntlets	210	0	0	0	0	0	0	0	0	0	0	0	0	0	0	0	0	0	0	0	0	0	0	0	0	0	0	0	
15682	Triumphant Gauntlets	210	0	0	0	0	0	0	0	0	0	0	0	0	0	0	0	0	0	0	0	0	0	0	0	0	0	0	0	
13258	Slaghide Gauntlets	207	0	0	0	0	0	0	0	0	0	0	0	0	0	0	0	0	0	0	0	0	0	0	0	0	0	0	0	
13532	Darkspinner Claws	204	0	0	0	0	0	0	0	0	0	0	0	0	0	0	0	0	0	0	0	0	0	0	13	0	0	0	0	
10161	Mercurial Gauntlets	204	0	0	0	0	0	0	0	0	0	0	0	0	0	0	0	0	0	0	0	0	0	0	0	0	0	0	0	
20659	Abyssal Mail Handguards	201	0	0	0	0	0	0	0	0	0	0	0	0	0	0	0	0	0	0	0	0	0	0	0	0	0	0	0	
15672	Magnificent Gauntlets	201	0	0	0	0	0	0	0	0	0	0	0	0	0	0	0	0	0	0	0	0	0	0	0	0	0	0	0	
10232	Engraved Gauntlets	195	0	0	0	0	0	0	0	0	0	0	0	0	0	0	0	0	0	0	0	0	0	0	0	0	0	0	0	
15662	Impenetrable Gauntlets	192	0	0	0	0	0	0	0	0	0	0	0	0	0	0	0	0	0	0	0	0	0	0	0	0	0	0	0	
12418	Radiant Gloves	192	0	0	0	0	0	0	0	0	0	0	0	0	0	0	0	0	0	0	0	0	0	0	0	12	0	0	0	
10121	Ornate Gauntlets	189	0	0	0	0	0	0	0	0	0	0	0	0	0	0	0	0	0	0	0	0	0	0	0	0	0	0	0	
8267	Ebonhold Gauntlets	183	0	14	7	0	0	0	0	0	0	0	0	0	0	0	0	0	0	0	0	0	0	0	0	0	0	0	0	
15653	Merciless Gauntlets	180	0	0	0	0	0	0	0	0	0	0	0	0	0	0	0	0	0	0	0	0	0	0	0	0	0	0	0	
10196	Crusader's Gauntlets	177	0	0	0	0	0	0	0	0	0	0	0	0	0	0	0	0	0	0	0	0	0	0	0	0	0	0	0	
15644	Ironhide Gauntlets	177	0	0	0	0	0	0	0	0	0	0	0	0	0	0	0	0	0	0	0	0	0	0	0	0	0	0	0	
10080	Lord's Gauntlets	171	0	0	0	0	0	0	0	0	0	0	0	0	0	0	0	0	0	0	0	0	0	0	0	0	0	0	0	
16717	Wildheart Gloves	105	0	21	9	0	0	0	0	0	0	0	0	0	0	0	0	0	0	0	0	0	0	0	0	0	0	0	0	
10260	Adventurer's Gloves	100	0	0	0	0	0	0	0	0	0	0	0	0	0	0	0	0	0	0	0	0	0	0	0	0	0	0	0	
15438	Supreme Gloves	100	0	0	0	0	0	0	0	0	0	0	0	0	0	0	0	0	0	0	0	0	0	0	0	0	0	0	0	
10149	Mighty Gauntlets	97	0	0	0	0	0	0	0	0	0	0	0	0	0	0	0	0	0	0	0	0	0	0	0	0	0	0	0	
20661	Abyssal Leather Gloves	96	0	0	0	0	0	0	0	0	0	0	0	0	0	0	0	0	0	0	0	0	0	0	0	0	0	0	0	
15192	Grand Gauntlets	96	0	0	0	0	0	0	0	0	0	0	0	0	0	0	0	0	0	0	0	0	0	0	0	0	0	0	0	
15070	Frostsaber Gloves	95	0	0	0	0	0	0	0	0	0	0	0	0	0	0	0	0	0	0	0	0	0	0	0	13	0	0	0	
10225	Nightshade Gloves	95	0	0	0	0	0	0	0	0	0	0	0	0	0	0	0	0	0	0	0	0	0	0	0	0	0	0	0	
15429	Peerless Gloves	94	0	0	0	0	0	0	0	0	0	0	0	0	0	0	0	0	0	0	0	0	0	0	0	0	0	0	0	
2564	Elven Spirit Claws	91	0	9	5	0	0	0	0	0	0	0	0	0	0	0	0	0	0	0	0	0	0	0	0	0	0	0	0	
10110	Wanderer's Gloves	90	0	0	0	0	0	0	0	0	0	0	0	0	0	0	0	0	0	0	0	0	0	0	0	0	0	0	0	
15184	Praetorian Gloves	88	0	0	0	0	0	0	0	0	0	0	0	0	0	0	0	0	0	0	0	0	0	0	0	0	0	0	0	
15091	Runic Leather Gauntlets	88	0	14	8	0	0	0	0	0	0	0	0	0	0	0	0	0	0	0	0	0	0	0	0	0	0	0	0	
15074	Chimeric Gloves	87	0	0	0	0	0	0	0	0	0	0	0	0	0	0	0	0	0	0	0	0	0	0	12	0	0	0	0	
10186	Swashbuckler's Gloves	87	0	0	0	0	0	0	0	0	0	0	0	0	0	0	0	0	0	0	0	0	0	0	0	0	0	0	0	
15393	Jadefire Gloves	86	0	0	0	0	0	0	0	0	0	0	0	0	0	0	0	0	0	0	0	0	0	0	0	0	0	0	0	
14666	Keeper's Gloves	84	0	10	11	0	0	0	0	0	0	0	0	0	0	0	0	0	0	0	0	0	0	0	0	0	0	0	0	
10072	Righteous Gloves	84	0	0	0	0	0	0	0	0	0	0	0	0	0	0	0	0	0	0	0	0	0	0	0	0	0	0	0	
15174	Potent Gloves	83	0	0	0	0	0	0	0	0	0	0	0	0	0	0	0	0	0	0	0	0	0	0	0	0	0	0	0	
14146	Gloves of Spell Mastery	60	0	8	10	0	0	0	0	0	0	0	0	0	0	0	0	0	0	0	2	0	0	0	0	0	0	0	0	
18408	Inferno Gloves	55	0	0	9	0	0	0	0	0	0	0	0	0	0	0	0	0	0	0	0	0	0	0	0	0	0	0	0	
13253	Hands of Power	53	0	6	6	0	0	0	0	0	0	0	0	0	0	0	0	26	0	0	0	0	0	0	0	0	0	0	0	
18730	Shadowy Laced Handwraps	53	0	0	15	0	0	0	0	0	0	0	0	0	0	0	0	0	0	0	0	0	5	0	0	0	0	0	0	
12554	Hands of the Exalted Herald	52	0	12	13	0	0	0	0	0	0	0	0	0	0	0	0	0	0	0	0	33	0	0	0	0	0	0	0	
14333	Eternal Gloves	51	0	0	0	0	0	0	0	0	0	0	0	0	0	0	0	0	0	0	0	0	0	0	0	0	0	0	0	
10251	Master's Gloves	51	0	0	0	0	0	0	0	0	0	0	0	0	0	0	0	0	0	0	0	0	0	0	0	0	0	0	0	
13525	Darkbind Fingers	50	0	0	0	0	0	0	0	0	0	0	0	0	0	0	0	0	0	0	0	0	0	0	0	0	0	0	0	
10140	High Councillor's Gloves	49	0	0	0	0	0	0	0	0	0	0	0	0	0	0	0	0	0	0	0	0	0	0	0	0	0	0	0	
10214	Elegant Gloves	48	0	0	0	0	0	0	0	0	0	0	0	0	0	0	0	0	0	0	0	0	0	0	0	0	0	0	0	
15858	Freewind Gloves	48	0	19	0	0	0	0	0	0	0	0	0	0	0	0	0	0	0	0	0	0	0	0	0	0	0	0	0	
20655	Abyssal Cloth Handwraps	48	0	0	0	0	0	0	0	0	0	0	0	0	0	0	0	0	0	0	0	0	0	0	0	0	0	0	0	
14323	Resplendent Gauntlets	48	0	0	0	0	0	0	0	0	0	0	0	0	0	0	0	0	0	0	0	0	0	0	0	0	0	0	0	
10787	Atal'ai Gloves	47	0	0	0	0	0	0	0	0	0	0	0	0	0	0	0	9	0	0	0	0	0	0	0	0	0	0	0	
14314	Celestial Handwraps	47	0	0	0	0	0	0	0	0	0	0	0	0	0	0	0	0	0	0	0	0	0	0	0	0	0	0	0	
21318	Earth Warder's Gloves	47	0	0	0	0	0	0	0	0	0	0	0	0	0	0	0	22	0	0	0	0	0	0	0	0	0	0	0	
10099	Councillor's Gloves	45	0	0	0	0	0	0	0	0	0	0	0	0	0	0	0	0	0	0	0	0	0	0	0	0	0	0	0	
13863	Runecloth Gloves	45	0	9	9	0	0	0	0	0	0	0	0	0	0	0	0	12	0	0	0	0	0	0	0	0	0	0	0	
14302	Bonecaster's Gloves	45	0	0	0	0	0	0	0	0	0	0	0	0	0	0	0	0	0	0	0	0	0	0	0	0	0	0	0	
14101	Brightcloth Gloves	44	0	0	0	0	0	0	0	0	0	0	0	0	0	0	0	0	0	0	0	0	0	0	0	12	0	0	0	
14043	Cindercloth Gloves	44	0	11	0	0	0	0	0	0	0	0	0	0	0	0	0	0	0	0	0	0	0	0	0	0	0	0	0	
14142	Ghostweave Gloves	44	0	0	8	0	0	0	0	0	0	0	0	0	0	0	0	0	0	0	0	0	0	0	0	0	0	0	0	
10176	Mystical Gloves	44	0	0	0	0	0	0	0	0	0	0	0	0	0	0	0	0	0	0	0	0	0	0	0	0	0	0	0	
13870	Frostweave Gloves	43	0	0	6	0	0	0	0	0	0	0	0	0	0	0	0	0	0	0	0	0	0	0	0	0	0	0	0	
19116	Greenleaf Handwraps	41	0	0	11	0	0	0	0	0	0	0	0	0	0	0	0	0	0	0	0	22	0	0	0	0	0	0	0	
14282	Opulent Gloves	41	0	0	0	0	0	0	0	0	0	0	0	0	0	0	0	0	0	0	0	0	0	0	0	0	0	0	0	
11888	Quintis' Research Gloves	41	0	10	11	0	0	0	0	0	0	0	0	0	0	0	0	0	0	0	0	0	0	0	0	0	0	0	0	
14294	Arachnidian Gloves	41	0	0	0	0	0	0	0	0	0	0	0	0	0	0	0	0	0	0	0	0	0	0	0	0	0	0	0	
10062	Duskwoven Gloves	41	0	0	0	0	0	0	0	0	0	0	0	0	0	0	0	0	0	0	0	0	0	0	0	0	0	0	0	
16801	Arcanist Gloves	63	14	10	15	0	0	0	0	0	0	0	0	0	0	0	0	14	0	0	0	0	0	7	0	0	0	0	0	
16831	Cenarion Gloves	125	17	15	18	0	0	0	0	0	0	0	0	0	0	0	0	0	0	0	0	18	0	7	0	0	0	0	0	
16839	Earthfury Gauntlets	264	14	15	13	0	0	0	0	0	0	0	0	0	0	0	0	9	0	0	1	0	0	7	0	0	0	0	0	
16805	Felheart Gloves	63	18	8	15	0	0	0	0	0	0	0	0	0	0	0	0	9	0	0	1	0	0	7	0	0	0	0	0	
16852	Giantstalker's Gloves	264	12	0	0	0	18	0	2	0	0	0	0	0	0	0	0	0	0	0	0	0	0	7	0	0	0	0	0	
16812	Gloves of Prophecy	63	10	15	15	0	0	0	0	0	0	0	0	0	0	0	0	0	0	0	0	18	6	7	0	0	0	0	0	
16860	Lawbringer Gauntlets	468	15	14	15	10	0	0	0	0	0	0	0	0	0	0	0	0	0	0	0	18	0	7	0	0	0	0	0	
16826	Nightslayer Gloves	125	17	0	0	12	18	0	1	0	0	0	0	0	0	0	0	0	0	0	0	0	0	7	0	0	0	0	0	
22862	Blood Guard's Chain Vices	242	16	0	0	0	18	0	0	0	0	0	0	0	0	0	0	0	0	0	0	0	0	0	0	0	0	0	0	
22863	Blood Guard's Dragonhide Grips	115	12	0	9	13	10	0	0	0	0	0	0	0	0	0	0	0	0	0	0	0	0	0	0	0	0	0	0	
22865	Blood Guard's Dreadweave Handwraps	58	14	0	4	0	0	0	0	0	0	0	0	0	0	0	0	21	0	0	0	0	0	0	0	0	0	0	0	
22864	Blood Guard's Leather Grips	155	18	0	0	0	0	20	0	1	0	0	0	0	0	0	0	0	0	0	0	0	0	0	0	0	0	0	0	
22867	Blood Guard's Mail Vices	242	15	0	9	0	0	0	0	0	0	0	0	0	0	0	0	13	0	0	1	0	0	0	0	0	0	0	0	
22869	Blood Guard's Satin Handwraps	98	12	0	5	0	0	0	0	0	0	0	0	0	0	0	0	21	0	0	0	0	0	0	0	0	0	0	0	
22870	Blood Guard's Silk Handwraps	98	12	0	10	0	0	0	0	0	0	0	0	0	0	0	0	18	0	0	0	0	0	0	0	0	0	0	0	
16571	General's Chain Gloves	323	20	0	4	0	21	0	0	1	0	0	0	0	0	0	0	0	0	0	0	0	0	0	0	0	0	0	0	
16555	General's Dragonhide Gloves	173	15	0	0	20	19	0	0	0	0	0	0	0	0	0	0	12	0	0	0	0	0	0	0	0	0	0	0	
17588	General's Dreadweave Gloves	68	20	0	6	0	0	0	0	0	0	0	0	0	0	0	0	30	0	0	0	0	0	0	0	0	0	0	0	
16560	General's Leather Mitts	193	23	0	0	0	20	0	0	1	0	0	0	0	0	0	0	0	0	0	0	0	0	0	0	0	0	0	0	
16574	General's Mail Gauntlets	353	18	0	17	17	0	0	0	1	0	0	0	0	0	0	0	0	0	0	0	0	0	0	0	0	0	0	0	
17620	General's Satin Gloves	118	21	0	13	0	0	0	0	0	0	0	0	0	0	0	0	23	0	0	0	0	0	0	0	0	0	0	0	
16540	General's Silk Handguards	108	22	5	12	0	0	0	0	0	0	0	0	0	0	0	0	27	0	0	0	0	0	0	0	0	0	0	0	
18821	Quick Strike Ring	0	8	0	0	5	0	30	0	1	0	0	0	0	0	0	0	0	0	0	0	0	0	0	0	0	0	0	0	
17063	Band of Accuria	0	10	0	0	0	16	0	2	0	0	0	0	0	0	0	0	0	0	0	0	0	0	0	0	0	0	0	0	
17713	Blackstone Ring	0	6	0	0	0	0	20	1	0	0	0	0	0	0	0	0	0	0	0	0	0	0	0	0	0	0	0	0	
13098	Painweaver Band	0	7	0	0	0	0	16	0	1	0	0	0	0	0	0	0	0	0	0	0	0	0	0	0	0	0	0	0	
18500	Tarnished Elven Ring	0	0	0	0	0	15	0	1	0	0	0	0	0	0	0	0	0	0	0	0	0	0	0	0	0	0	0	0	
12548	Magni's Will	0	7	0	0	6	0	0	0	1	0	0	0	0	0	0	0	0	0	0	0	0	0	0	0	0	0	0	0	
2246	Myrmidon's Signet	0	17	0	0	10	7	0	0	0	0	0	0	0	0	0	0	0	0	0	0	0	0	0	0	0	0	0	0	
18522	Band of the Ogre King	0	13	0	0	14	0	0	0	0	0	0	0	0	0	0	0	0	0	0	0	0	0	0	0	0	0	0	0	
22255	Magma Forged Band	0	7	0	0	7	12	0	0	0	0	0	0	0	0	0	0	0	0	0	0	0	0	0	0	0	0	0	0	
18302	Band of Vigor	0	7	0	0	8	7	0	0	0	0	0	0	0	0	0	0	0	0	0	0	0	0	0	0	0	0	0	0	
13217	Band of the Penitent	0	0	0	0	0	0	0	0	1	0	0	0	0	0	0	0	0	0	0	0	0	0	0	0	0	0	0	0	
11862	White Bone Band	0	0	0	0	0	0	24	0	0	0	0	0	0	0	0	0	0	0	0	0	0	0	0	0	0	0	0	0	
18400	Ring of Living Stone	0	9	0	0	10	0	0	0	0	0	0	0	0	0	0	0	0	0	0	0	0	0	0	0	0	0	0	0	
18701	Innervating Band	0	9	0	0	0	15	0	0	0	0	0	0	0	0	0	0	0	0	0	0	0	0	0	0	0	0	0	0	
13373	Band of Flesh	0	16	0	0	6	3	0	0	0	0	0	0	0	0	0	0	0	0	0	0	0	0	0	0	0	0	0	0	
18399	Ocean's Breeze	0	4	0	0	4	7	0	0	0	0	0	0	0	0	0	0	0	0	0	0	0	0	15	0	0	0	0	0	
18674	Hardened Stone Band	0	8	0	0	8	0	0	0	0	0	3	0	0	0	0	0	0	0	0	0	0	0	0	0	0	0	0	0	
12058	Demonic Bone Ring	0	5	5	0	8	0	0	0	0	0	0	0	0	0	0	0	0	0	0	0	0	0	0	0	0	0	0	0	
10780	Mark of Hakkar	0	10	0	0	7	0	0	0	0	0	0	0	0	0	0	0	0	0	0	0	0	0	0	0	0	0	0	0	
20505	Chivalrous Signet	0	7	0	7	7	0	0	0	0	0	0	0	0	0	0	0	0	0	0	0	15	0	0	0	0	0	0	0	
18464	Gordok Nose Ring	0	9	0	0	5	0	0	0	0	0	0	0	0	0	0	0	0	0	0	0	0	0	0	0	0	0	0	0	
12544	Thrall's Resolve	150	7	0	0	4	0	0	0	0	0	0	0	0	0	0	0	0	0	0	0	0	0	0	0	0	0	0	0	
11824	Cyclopean Band	0	8	4	7	4	0	0	0	0	0	0	0	0	0	0	0	9	0	0	0	0	0	0	0	0	0	0	0	
9655	Seedtime Hoop	0	0	10	0	4	0	0	0	0	0	0	0	0	0	0	0	0	0	0	0	0	0	0	0	0	0	0	0	
18879	Heavy Dark Iron Ring	110	20	0	0	0	0	0	0	0	0	5	0	0	0	0	0	0	0	0	0	0	0	0	0	0	0	0	0	
17045	Blood of the Martyr	0	15	0	10	0	0	0	0	0	0	0	0	0	0	0	0	0	0	0	0	0	0	0	0	0	0	0	0	
1447	Ring of Saviors	0	14	8	0	0	0	0	0	0	0	0	0	0	0	0	0	0	0	0	0	0	0	0	0	0	0	0	0	
18403	Dragonslayer's Signet	0	12	6	12	0	0	0	0	0	0	0	0	0	0	0	0	0	0	0	1	0	0	10	0	0	0	0	0	
13475	Dalson Family Wedding Ring	0	13	0	0	0	0	0	0	0	0	0	0	0	0	0	0	0	0	0	0	0	0	0	0	0	0	0	0	
12056	Ring of the Heavens	0	13	3	0	0	0	0	0	0	0	0	0	0	0	0	0	0	0	0	0	0	0	0	0	0	0	0	0	
12057	Dragonscale Band	0	13	4	0	0	0	0	0	0	0	0	0	0	0	0	0	0	0	0	0	0	0	0	0	0	0	0	0	
19138	Band of Sulfuras	0	13	10	23	0	0	0	0	0	0	0	0	0	0	0	0	0	0	0	0	0	0	0	0	0	0	0	0	
17110	Seal of the Archmagus	0	11	11	11	0	0	0	0	0	0	0	0	0	0	0	0	0	0	0	0	0	3	6	6	6	0	0	0	
18543	Ring of Entropy	0	11	8	13	0	0	0	0	0	0	0	0	0	0	0	0	0	0	0	1	0	0	0	0	0	0	0	0	
11669	Naglering	50	10	0	0	0	0	0	0	0	0	5	0	0	0	0	0	0	0	0	0	0	0	0	0	0	0	0	0	
15855	Ring of Protection	150	9	0	0	0	0	0	0	0	0	0	0	0	0	0	0	0	0	0	0	0	0	0	0	0	0	0	0	
1980	Underworld Band	0	10	6	0	0	0	0	0	0	0	0	0	0	0	0	0	0	0	0	0	0	0	0	0	0	0	0	0	
10739	Ring of Fortitude	0	10	6	0	0	0	0	0	0	0	0	0	0	0	0	0	0	0	0	0	0	0	0	0	0	0	0	0	
11869	Sha'ni's Ring	0	10	6	0	0	0	0	0	0	0	0	0	0	0	0	0	0	0	0	0	0	0	0	0	0	0	0	0	
12102	Ring of the Aristocrat	0	10	6	0	0	0	0	0	0	0	0	0	0	0	0	0	0	0	0	0	0	0	0	0	0	0	0	0	
18315	Ring of Demonic Potency	0	10	0	0	0	0	0	0	0	0	0	0	0	0	0	0	0	0	0	0	0	0	0	0	0	0	0	0	
20692	Multicolored Band	0	10	0	0	0	0	0	0	0	0	0	0	0	0	0	0	0	0	0	0	0	0	0	0	0	0	0	0	
18022	Royal Seal of Alexis	0	10	8	10	0	0	0	0	0	0	0	0	0	0	0	0	0	0	0	0	0	0	0	0	0	0	0	0	
18343	Petrified Band	0	9	0	0	0	0	0	0	0	0	0	0	0	0	0	0	0	0	0	0	0	0	0	10	0	0	0	0	
19140	Cauterizing Band	0	9	0	12	0	0	0	0	0	0	0	0	0	0	0	0	0	0	0	0	46	0	0	0	0	0	0	0	
22257	Bloodclot Band	0	8	7	8	0	0	0	0	0	0	0	0	0	0	0	0	0	0	0	0	15	0	0	0	0	0	0	0	
13283	Magus Ring	0	8	7	12	0	0	0	0	0	0	0	0	0	0	0	0	0	0	0	0	0	0	0	0	0	0	0	0	
12038	Lagrave's Seal	0	7	7	7	0	0	0	0	0	0	0	0	0	0	0	0	0	0	0	0	0	0	0	0	0	0	0	0	
13096	Band of the Hierophant	0	7	11	10	0	0	0	0	0	0	0	0	0	0	0	0	0	0	0	0	0	0	0	0	0	0	0	0	
18395	Emerald Flame Ring	0	7	8	12	0	0	0	0	0	0	0	0	0	0	0	0	0	0	0	0	15	0	0	0	0	0	0	0	
22339	Rune Band of Wizardry	0	7	0	0	0	0	0	0	0	0	0	0	0	0	0	0	16	0	1	0	0	0	0	0	0	0	0	0	
18398	Tidal Loop	0	4	4	7	0	0	0	0	0	0	0	0	0	0	0	0	0	0	0	0	0	0	15	0	0	0	0	0	
13392	The Postmaster's Seal	0	6	17	3	0	0	0	0	0	0	0	0	0	0	0	0	0	0	0	0	0	0	0	0	0	0	0	0	
12055	Stardust Band	0	5	3	5	0	0	0	0	0	0	0	0	0	0	0	0	0	0	0	0	0	0	0	0	0	0	0	0	
5266	Eye of Adaegus	0	5	12	6	0	0	0	0	0	0	0	0	0	0	0	0	0	0	0	0	0	0	0	0	0	0	0	0	
18402	Glowing Crystal Ring	0	5	0	12	0	0	0	0	0	0	0	0	0	0	0	0	0	0	0	0	0	0	0	0	0	0	0	0	
22433	Don Mauricio's Band of Domination	0	5	0	0	0	0	0	0	0	0	0	0	0	0	0	0	11	0	0	1	0	0	0	0	0	0	0	0	
15702	Chemist's Ring	0	4	4	10	0	0	0	0	0	0	0	0	0	0	0	0	0	0	0	0	0	0	0	0	0	0	0	0	
16058	Fordring's Seal	0	4	0	5	0	0	0	0	0	0	0	0	0	0	0	0	0	0	0	0	37	0	0	0	0	0	0	0	
17982	Ragnaros Core	0	0	0	0	0	0	0	0	0	0	0	0	0	0	0	0	0	0	0	0	0	0	18	0	0	0	0	0	
18813	Ring of Binding	60	0	0	0	0	0	0	0	0	0	4	0	0	0	0	0	0	0	0	0	0	0	10	10	10	0	0	0	
12344	Seal of Ascension	0	0	0	0	0	0	0	0	0	0	0	0	0	0	0	0	0	0	0	0	0	0	10	10	10	0	0	0	
17001	Elemental Circle	0	0	0	0	0	0	0	0	0	0	0	0	0	0	0	0	0	0	0	0	0	0	10	0	10	0	0	0	
9642	Band of the Great Tortoise	120	0	0	0	0	0	0	0	0	0	0	0	0	0	0	0	0	0	0	0	0	0	0	0	0	0	0	0	
12001	Onyx Ring	0	0	0	0	0	0	0	0	0	0	0	0	0	0	0	0	0	0	0	0	0	0	0	0	0	0	0	0	
862	Runed Ring	0	0	0	0	0	0	0	0	0	0	0	0	0	0	0	0	7	0	0	0	0	0	0	0	0	0	0	0	
11989	Vanadium Loop	0	0	0	0	0	0	0	0	0	0	0	0	0	0	0	0	0	0	0	0	0	0	0	0	0	0	0	0	
20006	Circle of Hope	0	0	0	0	0	0	0	0	0	0	0	0	0	0	0	0	0	0	0	0	0	0	0	0	0	0	0	0	
11976	Sardonyx Knuckle	0	0	0	0	0	0	0	0	0	0	0	0	0	0	0	0	0	0	0	0	0	0	0	0	0	0	0	0	
942	Freezing Band	0	0	0	0	0	0	0	0	0	0	0	0	0	0	0	0	0	0	0	0	0	0	0	0	10	0	0	0	
12014	Arctic Ring	0	0	0	0	0	0	0	0	0	0	0	0	0	0	0	0	0	0	0	0	0	0	0	0	0	0	0	0	
11868	Choking Band	0	0	13	0	0	0	0	0	0	0	0	0	0	0	0	0	0	0	0	0	0	0	0	0	0	0	0	0	
11945	Dark Iron Ring	0	0	0	0	0	0	0	0	0	0	0	0	0	0	0	0	0	0	0	0	0	0	0	0	0	0	0	0	
10795	Drakeclaw Band	0	0	0	0	0	0	0	0	0	0	4	0	0	0	0	0	0	0	0	0	0	0	0	0	0	0	0	0	
12002	Marble Circle	0	0	0	0	0	0	0	0	0	0	0	0	0	0	0	0	0	0	0	0	0	0	0	0	0	0	0	0	
11990	Selenium Loop	0	0	0	0	0	0	0	0	0	0	0	0	0	0	0	0	0	0	0	0	0	0	0	0	0	0	0	0	
11977	Serpentine Loop	0	0	0	0	0	0	0	0	0	0	0	0	0	0	0	0	0	0	0	0	0	0	0	0	0	0	0	0	
12015	Swamp Ring	0	0	0	0	0	0	0	0	0	0	0	0	0	0	0	0	0	0	0	0	0	0	0	0	0	0	0	0	
11978	Jasper Link	0	0	0	0	0	0	0	0	0	0	0	0	0	0	0	0	0	0	0	0	0	0	0	0	0	0	0	0	
12004	Obsidian Band	0	0	0	0	0	0	0	0	0	0	0	0	0	0	0	0	0	0	0	0	0	0	0	0	0	0	0	0	
11991	Quicksilver Ring	0	0	0	0	0	0	0	0	0	0	0	0	0	0	0	0	0	0	0	0	0	0	0	0	0	0	0	0	
18314	Ring of Demonic Guile	0	0	0	10	0	0	0	0	0	0	0	0	0	0	0	0	0	0	0	0	0	6	0	0	0	0	0	0	
12545	Eye of Orgrimmar	0	0	4	7	0	0	0	0	0	0	0	0	0	0	0	0	18	0	0	0	0	0	0	0	0	0	0	0	
18970	Ring of Critical Testing 2	0	0	0	0	0	0	0	0	0	0	0	0	0	0	0	0	0	0	0	0	0	0	0	0	0	0	0	0	
13178	Rosewine Circle	0	0	0	0	0	0	0	0	0	0	0	0	0	0	0	0	0	0	0	0	29	5	0	0	0	0	0	0	
12543	Songstone of Ironforge	0	0	4	7	0	0	0	0	0	0	0	0	0	0	0	0	18	0	0	0	0	0	0	0	0	0	0	0	
18345	Murmuring Ring	0	0	0	10	0	0	0	0	0	0	0	0	0	0	0	0	0	0	0	0	0	0	0	0	0	0	0	0	
18684	Dimly Opalescent Ring	0	0	0	7	0	0	0	0	0	0	0	0	0	0	0	0	0	0	0	0	0	0	0	0	0	0	0	0	
11934	Emperor's Seal	0	0	0	0	0	0	0	0	0	0	0	0	0	0	0	0	0	0	0	0	0	0	0	0	6	0	0	0	
12926	Flaming Band	0	0	0	0	0	0	0	0	0	0	0	0	0	0	0	0	0	0	0	0	0	0	0	0	0	0	0	0	
18679	Frigid Ring	0	0	0	10	0	0	0	0	0	0	0	0	0	0	0	0	0	0	0	0	0	0	0	0	0	0	0	0	
12016	Jungle Ring	0	0	0	0	0	0	0	0	0	0	0	0	0	0	0	0	0	0	0	0	0	0	0	0	0	0	0	0	
13001	Maiden's Circle	0	0	6	7	0	0	0	0	0	0	0	0	0	0	0	0	18	0	0	0	0	0	0	0	0	0	0	0	
13143	Mark of the Dragon Lord	0	0	0	0	0	0	0	0	0	0	0	0	0	0	0	0	0	0	0	0	0	0	0	0	0	0	0	0	
11979	Peridot Circle	0	0	0	0	0	0	0	0	0	0	0	0	0	0	0	0	0	0	0	0	0	0	0	0	0	0	0	0	
12005	Granite Ring	0	0	0	0	0	0	0	0	0	0	0	0	0	0	0	0	0	0	0	0	0	0	0	0	0	0	0	0	
18760	Necromantic Band	0	0	0	0	0	0	0	0	0	0	0	0	0	0	0	0	0	0	0	0	0	0	0	0	0	0	0	0	
18103	Band of Rumination	0	0	0	0	0	0	0	0	0	0	0	0	0	0	0	0	0	0	0	1	0	0	0	0	0	0	0	0	
13345	Seal of Rivendare	0	0	7	17	0	0	0	0	0	0	0	0	0	0	0	0	0	0	0	0	0	0	0	0	0	0	0	0	
11992	Vermilion Band	0	0	0	0	0	0	0	0	0	0	0	0	0	0	0	0	0	0	0	0	0	0	0	0	0	0	0	0	
11980	Opal Ring	0	0	0	0	0	0	0	0	0	0	0	0	0	0	0	0	0	0	0	0	0	0	0	0	0	0	0	0	
12017	Prismatic Band	0	0	0	0	0	0	0	0	0	0	0	0	0	0	0	0	0	0	0	0	0	0	0	0	0	0	0	0	
19147	Ring of Spell Power	0	0	0	0	0	0	0	0	0	0	0	0	0	0	0	0	33	0	0	0	0	0	0	0	0	0	0	0	
11815	Hand of Justice	0	0	0	0	0	0	20	0	0	0	0	0	0	0	0	0	0	0	0	0	0	0	0	0	0	0	0	0	
20130	Diamond Flask	0	0	0	0	0	0	0	0	0	0	0	0	0	0	0	0	0	0	0	0	0	0	0	0	0	0	0	0	
13965	Blackhand's Breadth	0	0	0	0	0	0	0	0	2	0	0	0	0	0	0	0	0	0	0	0	0	0	0	0	0	0	0	0	
19120	Rune of the Guard Captain	0	0	0	0	0	0	20	1	0	0	0	0	0	0	0	0	0	0	0	0	0	0	0	0	0	0	0	0	
18537	Counterattack Lodestone	0	0	0	0	0	0	22	0	0	0	0	0	1	0	0	0	0	0	0	0	0	0	0	0	0	0	0	0	
18638	Hyper-Radiant Flame Reflector	0	0	0	0	0	0	0	0	0	0	0	0	0	0	0	0	0	0	0	0	0	0	18	0	0	0	0	0	
18406	Onyxia Blood Talisman	0	0	0	0	0	0	0	0	0	0	8	0	1	0	0	0	0	0	0	0	0	0	15	0	0	0	0	0	
11811	Smoking Heart of the Mountain	150	0	0	0	0	0	0	0	0	0	0	0	0	0	0	0	0	0	0	0	0	0	7	7	7	0	0	0	
18466	Royal Seal of Eldre'Thalas	0	0	0	0	0	0	0	0	0	0	0	0	0	0	0	0	0	0	0	0	0	0	10	0	0	0	0	0	
12065	Ward of the Elements	0	0	0	0	0	0	0	0	0	0	0	0	0	0	0	0	0	0	0	0	0	0	8	8	8	0	0	0	
13966	Mark of Tyranny	180	0	0	0	0	0	0	0	0	0	0	1	0	0	0	0	0	0	0	0	0	0	0	0	0	0	0	0	
11122	Carrot on a Stick	0	0	0	0	0	0	0	0	0	0	0	0	0	0	0	0	0	0	0	0	0	0	0	0	0	0	0	0	
18951	Evonice's Landin' Pilla	0	0	0	0	0	0	0	0	0	0	0	0	0	0	0	0	0	0	0	0	0	0	0	0	0	0	0	0	
10418	Glimmering Mithril Insignia	0	0	0	0	0	0	0	0	0	0	0	0	0	0	0	0	0	0	0	0	0	0	0	0	0	0	0	0	
1490	Guardian Talisman	0	0	0	0	0	0	0	0	0	0	0	0	0	0	0	0	0	0	0	0	0	0	0	0	0	0	0	0	
19141	Luffa	0	0	0	0	0	0	0	0	0	0	0	0	0	0	0	0	0	0	0	0	0	0	0	0	0	0	0	0	
2820	Nifty Stopwatch	0	0	0	0	0	0	0	0	0	0	0	0	0	0	0	0	0	0	0	0	0	0	0	0	0	0	0	0	
4130	Smotts' Compass	0	0	0	0	0	0	0	0	0	0	0	1	0	0	0	0	0	0	0	0	0	0	0	0	0	0	0	0	
17744	Heart of Noxxion	0	0	0	0	0	0	0	0	0	0	0	0	0	0	0	0	0	0	0	0	0	0	0	10	0	0	0	0	
7734	Six Demon Bag	0	0	0	0	0	0	0	0	0	0	0	0	0	0	0	0	0	0	0	0	0	0	0	0	0	0	0	0	
20534	Abyss Shard	0	0	0	0	0	0	0	0	0	0	0	0	0	0	0	0	0	0	0	0	0	0	0	0	0	0	0	0	
19990	Blessed Prayer Beads	0	0	0	0	0	0	0	0	0	0	0	0	0	0	0	0	0	0	0	0	0	0	0	0	0	0	0	0	
19991	Devilsaur Eye	0	0	0	0	0	0	0	0	0	0	0	0	0	0	0	0	0	0	0	0	0	0	0	0	0	0	0	0	
19992	Devilsaur Tooth	0	0	0	0	0	0	0	0	0	0	0	0	0	0	0	0	0	0	0	0	0	0	0	0	0	0	0	0	
20503	Enamored Water Spirit	0	0	0	0	0	0	0	0	0	0	0	0	0	0	0	0	0	0	0	0	0	0	0	0	0	0	0	0	
20036	Fire Ruby	0	0	0	0	0	0	0	0	0	0	0	0	0	0	0	0	0	0	0	0	0	0	0	0	0	0	0	0	
18634	Gyrofreeze Ice Reflector	0	0	0	0	0	0	0	0	0	0	0	0	0	0	0	0	0	0	0	0	0	0	0	0	15	0	0	0	
20512	Sanctified Orb	0	0	0	0	0	0	0	0	0	0	0	0	0	0	0	0	0	0	0	0	0	0	0	0	0	0	0	0	
18986	Ultrasafe Transporter: Gadgetzan	0	0	0	0	0	0	0	0	0	0	0	0	0	0	0	0	0	0	0	0	0	0	0	0	0	0	0	0	
11302	Uther's Strength	0	0	0	0	0	0	0	0	0	0	0	0	0	0	0	0	0	0	0	0	0	0	0	0	0	0	0	0	
19024	Arena Grand Master	0	0	0	0	0	0	0	0	0	0	0	1	0	0	0	0	0	0	0	0	0	0	0	0	0	0	0	0	
18984	Dimensional Ripper - Everlook	0	0	0	0	0	0	0	0	0	0	0	0	0	0	0	0	0	0	0	0	0	0	0	0	0	0	0	0	
18637	Major Recombobulator	0	0	0	0	0	0	0	0	0	0	0	0	0	0	0	0	0	0	0	0	0	0	0	0	0	0	0	0	
11905	Linken's Boomerang	0	0	0	0	0	0	0	0	0	0	0	0	0	0	0	0	0	0	0	0	0	0	0	0	0	0	0	0	
833	Lifestone	0	0	0	0	0	0	0	0	0	0	0	0	0	0	0	0	0	0	0	0	0	0	0	0	0	0	0	0	
10659	Shard of Afrasa	0	0	0	0	0	0	0	0	0	0	0	0	0	0	0	0	0	0	0	0	0	5	0	0	0	0	0	0	
11832	Burst of Knowledge	0	0	0	0	0	0	0	0	0	0	0	0	0	0	0	0	12	0	0	0	0	0	0	0	0	0	0	0	
13379	Piccolo of the Flaming Fire	0	0	0	0	0	0	0	0	0	0	0	0	0	0	0	0	0	0	0	0	0	0	0	0	0	0	0	0	
1973	Orb of Deception	0	0	0	0	0	0	0	0	0	0	0	0	0	0	0	0	0	0	0	0	0	0	0	0	0	0	0	0	
11819	Second Wind	0	0	0	0	0	0	0	0	0	0	0	0	0	0	0	0	0	0	0	0	22	0	0	0	0	0	0	0	
16022	Arcanite Dragonling	0	0	0	0	0	0	0	0	0	0	0	0	0	0	0	0	0	0	0	0	0	0	0	0	0	0	0	0	
12930	Briarwood Reed	0	0	0	0	0	0	0	0	0	0	0	0	0	0	0	0	29	0	0	0	0	0	0	0	0	0	0	0	
10455	Chained Essence of Eranikus	0	0	0	0	0	0	0	0	0	0	0	0	0	0	0	0	0	0	0	0	0	0	0	0	0	0	0	0	
10779	Demon's Blood	0	0	0	0	0	0	0	0	0	0	0	0	0	0	0	0	0	0	0	0	0	0	0	0	0	0	0	0	
11810	Force of Will	0	0	0	0	0	0	0	0	0	0	7	0	0	0	0	0	0	0	0	0	0	0	0	0	0	0	0	0	
17759	Mark of Resolution	0	0	0	0	0	0	0	0	0	0	0	0	0	0	0	0	0	0	0	0	0	0	0	0	0	0	0	0	
15867	Prismcharm	0	0	0	0	0	0	0	0	0	0	0	0	0	0	0	0	0	0	0	0	0	0	0	0	0	0	0	0	
15873	Ragged John's Neverending Cup	0	0	0	0	0	0	0	0	0	0	0	0	0	0	0	0	0	0	0	0	0	0	0	0	0	0	0	0	
13515	Ramstein's Lightning Bolts	0	0	0	0	0	0	0	0	0	0	0	0	0	0	0	0	0	0	0	0	0	0	0	0	0	0	0	0	
13213	Smolderweb's Eye	0	0	0	0	0	0	0	0	0	0	0	0	0	0	0	0	0	0	0	0	0	0	0	0	0	0	0	0	
13544	Spectral Essence	0	0	0	0	0	0	0	0	0	0	0	0	0	0	0	0	0	0	0	0	0	0	0	0	0	0	0	0	
18639	Ultra-Flash Shadow Reflector	0	0	0	0	0	0	0	0	0	0	0	0	0	0	0	0	0	0	0	0	0	0	0	0	0	0	0	0	
13382	Cannonball Runner	0	0	0	0	0	0	0	0	0	0	0	0	0	0	0	0	0	0	0	0	0	0	0	0	0	0	0	0	
13164	Heart of the Scale	0	0	0	0	0	0	0	0	0	0	0	0	0	0	0	0	0	0	0	0	0	0	0	0	0	0	0	0	
22321	Heart of Wyrmthalak	0	0	0	0	0	0	0	0	0	0	0	0	0	0	0	0	0	0	0	0	0	0	0	0	0	0	0	0	
13209	Seal of the Dawn	0	0	0	0	0	0	0	0	0	0	0	0	0	0	0	0	0	0	0	0	0	0	0	0	0	0	0	0	
13171	Smokey's Lighter	0	0	0	0	0	0	0	0	0	0	0	0	0	0	0	0	0	0	0	0	0	0	0	0	0	0	0	0	
18371	Mindtap Talisman	0	0	0	0	0	0	0	0	0	0	0	0	0	0	0	0	0	0	0	0	0	11	0	0	0	0	0	0	
14022	Barov Peasant Caller	0	0	0	0	0	0	0	0	0	0	0	0	0	0	0	0	0	0	0	0	0	0	0	0	0	0	0	0	
14023	Barov Peasant Caller	0	0	0	0	0	0	0	0	0	0	0	0	0	0	0	0	0	0	0	0	0	0	0	0	0	0	0	0	
21326	Defender of the Timbermaw	0	0	0	0	0	0	0	0	0	0	0	0	0	0	0	0	0	0	0	0	0	0	0	0	0	0	0	0	
18370	Vigilance Charm	0	0	0	0	0	0	0	0	0	0	0	2	0	0	0	0	0	0	0	0	0	0	0	0	0	0	0	0	
22268	Draconic Infused Emblem	0	0	0	0	0	0	0	0	0	0	0	0	0	0	0	0	0	0	0	0	0	0	0	0	0	0	0	0	
13968	Eye of the Beast	0	0	0	0	0	0	0	0	0	0	0	0	0	0	0	0	0	0	0	2	0	0	0	0	0	0	0	0	
14557	The Lion Horn of Stormwind	0	0	0	0	0	0	0	0	0	0	0	0	0	0	0	0	0	0	0	0	0	0	0	0	0	0	0	0	
19979	Hook of the Master Angler	0	0	0	0	0	0	0	0	0	0	0	0	0	0	0	0	0	0	0	0	0	0	0	0	0	0	0	0	
18820	Talisman of Ephemeral Power	0	0	0	0	0	0	0	0	0	0	0	0	0	0	0	0	0	0	0	0	0	0	0	0	0	0	0	0	
17064	Shard of the Scale	0	0	0	0	0	0	0	0	0	0	0	0	0	0	0	0	0	0	0	0	0	16	0	0	0	0	0	0	
18665	The Eye of Shadow	0	0	0	0	0	0	0	0	0	0	0	0	0	0	0	0	0	0	0	0	0	0	0	0	0	0	0	0	
17082	Shard of the Flame	0	0	0	0	0	0	0	0	0	0	0	0	0	0	0	0	0	0	0	0	0	0	0	0	0	0	0	0	
18815	Essence of the Pure Flame	0	0	0	0	0	0	0	0	0	0	0	0	0	0	0	0	0	0	0	0	0	0	0	0	0	0	0	0	
18354	Pimgib's Collar	0	0	0	0	0	0	0	0	0	0	0	0	0	0	0	0	0	0	0	0	0	0	0	0	0	0	0	0	
18465	Royal Seal of Eldre'Thalas	0	0	0	0	0	0	0	2	0	0	0	0	0	0	0	0	0	0	0	0	0	0	10	0	0	0	0	0	
18467	Royal Seal of Eldre'Thalas	0	0	0	0	0	0	0	0	0	0	0	0	0	0	0	0	23	0	0	0	0	0	10	0	0	0	0	0	
18468	Royal Seal of Eldre'Thalas	0	0	0	0	0	0	0	0	0	0	0	0	0	0	0	0	0	0	0	0	0	0	10	0	0	0	0	0	
18469	Royal Seal of Eldre'Thalas	0	0	0	0	0	0	0	0	0	0	0	0	0	0	0	0	0	0	0	0	33	0	10	0	0	0	0	0	
18470	Royal Seal of Eldre'Thalas	0	0	0	0	0	0	0	0	0	0	0	0	0	0	0	0	0	0	0	0	44	0	10	0	0	0	0	0	
18471	Royal Seal of Eldre'Thalas	0	0	0	0	0	0	0	0	0	0	0	0	0	0	0	0	23	0	0	0	0	0	10	0	0	0	0	0	
18472	Royal Seal of Eldre'Thalas	0	0	0	0	0	0	0	0	0	0	0	0	0	0	0	0	0	0	0	0	22	0	10	0	0	0	0	0	
18473	Royal Seal of Eldre'Thalas	0	0	0	0	0	0	0	0	0	0	0	0	0	0	0	0	0	0	0	0	0	0	10	0	0	0	0	0	
18646	The Eye of Divinity	0	0	0	0	0	0	0	0	0	0	0	0	0	0	0	0	0	0	0	0	0	0	0	0	0	0	0	0	
18828	High Warlord's Cleaver	0	7	0	0	0	0	28	0	1	5	0	0	0	0	0	0	0	0	0	0	0	0	0	0	0	172.5	59.4828	2.9	
19019	Thunderfury, Blessed Blade of the Windseeker	0	8	0	0	0	5	0	0	0	0	0	0	0	0	0	0	0	0	0	0	0	0	8	9	0	102.5	53.9474	1.9	
17112	Empyrean Demolisher	0	0	0	0	0	0	0	0	0	0	0	0	0	0	0	0	0	0	0	0	0	0	0	0	0	134.5	48.0357	2.8	
17068	Deathbringer	0	0	0	0	0	0	0	0	0	5	0	0	0	0	0	0	0	0	0	0	0	0	0	0	0	163.5	56.3793	2.9	
16345	High Warlord's Blade	0	7	0	0	0	0	28	0	1	0	0	0	0	0	0	0	0	0	0	0	0	0	0	0	0	172.5	59.4828	2.9	
18866	High Warlord's Bludgeon	0	7	0	0	0	0	28	0	1	0	0	0	0	0	0	0	0	0	0	0	0	0	0	0	0	172.5	59.4828	2.9	
18848	High Warlord's Left Claw	0	7	0	0	0	0	28	0	1	0	0	0	0	0	0	0	0	0	0	0	0	0	0	0	0	172.5	59.4828	2.9	
18844	High Warlord's Right Claw	0	7	0	0	0	0	28	0	1	0	0	0	0	0	0	0	0	0	0	0	0	0	0	0	0	172.5	59.4828	2.9	
17075	Vis'kag the Bloodletter	0	0	0	0	0	0	0	0	0	0	0	0	0	0	0	0	0	0	0	0	0	0	0	0	0	143.5	55.1923	2.6	
18840	High Warlord's Razor	0	7	0	0	0	0	28	0	1	0	0	0	0	0	0	0	0	0	0	0	0	0	0	0	0	119	59.5	2	
11684	Ironfoe	0	0	0	0	0	0	0	0	0	0	0	0	0	0	0	0	0	0	0	0	0	0	0	0	0	104.5	43.5417	2.4	
18832	Brutality Blade	0	0	0	0	9	9	0	0	1	0	0	0	0	0	0	0	0	0	0	0	0	0	0	0	0	129	51.6	2.5	
23467	High Warlord's Quickblade	0	7	0	0	0	0	28	0	1	0	0	0	0	0	0	0	0	0	0	0	0	0	0	0	0	107	59.4444	1.8	
13286	Rivenspike	0	0	0	0	0	0	0	0	0	5	0	0	0	0	0	0	0	0	0	0	0	0	0	0	0	110.5	38.1034	2.9	
1728	Teebu's Blazing Longsword	0	0	0	0	0	0	0	0	0	0	0	0	0	0	0	0	0	0	0	0	0	0	0	0	0	137	47.2414	2.9	
811	Axe of the Deep Woods	0	0	0	0	0	0	0	0	0	5	0	0	0	0	0	0	0	0	0	0	0	0	0	0	0	112	41.4815	2.7	
22384	Persuader	0	0	0	0	0	0	0	1	1	0	0	0	0	0	0	0	0	0	0	0	0	0	0	0	0	123.5	45.7407	2.7	
18816	Perdition's Blade	0	0	0	0	0	0	0	0	0	0	0	0	0	0	0	0	0	0	0	0	0	0	0	0	0	105	58.3333	1.8	
17016	Dark Iron Destroyer	0	0	0	0	10	0	0	0	0	5	0	0	0	0	0	0	0	0	0	0	0	0	6	0	0	102.5	42.7083	2.4	
19170	Ebon Hand	0	9	0	0	0	0	0	0	0	0	0	0	0	0	0	0	0	0	0	0	0	0	7	0	0	118.5	51.5217	2.3	
871	Flurry Axe	0	0	0	0	0	0	0	0	0	5	0	0	0	0	0	0	0	0	0	0	0	0	0	0	0	53	35.3333	1.5	
18348	Quel'Serrar	0	12	0	0	0	0	0	0	0	0	0	0	0	0	0	0	0	0	0	0	0	0	0	0	0	105	52.5	2	
18737	Bone Slicing Hatchet	0	5	0	0	0	13	0	0	0	5	0	0	0	0	0	0	0	0	0	0	0	0	0	0	0	69	40.5882	1.7	
2244	Krol Blade	0	5	0	0	7	0	0	0	1	0	0	0	0	0	0	0	0	0	0	0	0	0	0	0	0	114.5	40.8929	2.8	
13015	Serathil	100	0	0	0	9	0	0	0	0	5	0	0	0	0	0	0	0	0	0	0	0	0	0	0	0	76	40	1.9	
18805	Core Hound Tooth	0	9	0	0	0	0	20	0	1	0	0	0	0	0	0	0	0	0	0	0	0	0	0	0	0	82	51.25	1.6	
17105	Aurastone Hammer	0	10	0	10	0	0	0	0	0	0	0	0	0	0	0	0	25	0	0	0	0	5	0	0	0	120.3	44.5556	2.7	
10837	Tooth of Eranikus	0	0	0	0	6	0	0	1	0	5	0	0	0	0	0	0	0	0	0	0	0	0	0	0	0	89	37.0833	2.4	
13952	Iceblade Hacker	0	0	0	0	0	0	0	0	0	5	0	0	0	0	0	0	0	0	0	0	0	0	0	0	0	84.5	42.25	2	
23464	High Warlord's Battle Mace	0	14	0	8	0	0	0	0	0	0	0	0	0	0	0	0	0	0	0	0	134	6	0	0	0	120.3	41.4828	2.9	
19168	Blackguard	0	9	0	0	0	0	0	0	0	0	0	0	1	0	0	0	0	0	0	0	0	0	0	0	0	93	51.6667	1.8	
12798	Annihilator	0	0	0	0	0	0	0	0	0	5	0	0	0	0	0	0	0	0	0	0	0	0	0	0	0	70.5	41.4706	1.7	
12774	Dawn's Edge	0	0	0	0	0	0	0	0	1	5	0	0	0	0	0	0	0	0	0	0	0	0	0	0	0	76.5	36.4286	2.1	
11702	Grizzle's Skinner	0	5	0	0	8	6	0	0	0	5	0	0	0	0	0	0	0	0	0	0	0	0	0	0	0	87.5	36.4583	2.4	
15853	Windreaper	0	0	0	0	0	0	0	0	0	5	0	0	0	0	0	0	0	0	0	0	0	0	0	0	0	90.5	39.3478	2.3	
12621	Demonfork	0	0	0	0	0	0	0	0	0	5	0	0	0	0	0	0	0	0	0	0	0	0	0	0	0	109	38.9286	2.8	
17071	Gutgore Ripper	0	0	0	0	0	0	0	0	0	0	0	0	0	0	0	0	0	0	0	0	0	0	0	0	0	91	50.5556	1.8	
15240	Demon's Claw	0	0	0	0	0	0	0	0	0	5	0	0	0	0	0	0	0	0	0	0	0	0	0	0	0	88	38.2609	2.3	
13408	Soul Breaker	0	0	0	0	0	0	0	0	0	5	0	0	0	0	0	0	0	0	0	0	0	0	0	0	0	60	37.5	1.6	
18498	Hedgecutter	0	12	0	0	5	0	0	0	0	5	0	0	0	0	0	0	0	0	0	0	0	0	0	0	0	75	39.4737	1.9	
11920	Wraith Scythe	0	0	0	0	0	0	0	0	0	5	0	0	0	0	0	0	0	0	0	0	0	0	0	0	0	81.5	37.0455	2.2	
12527	Ribsplitter	0	0	0	0	0	0	10	0	0	5	0	0	0	0	0	0	0	0	0	0	0	0	0	0	0	95	35.1852	2.7	
15239	Felstone Reaver	0	0	0	0	0	0	0	0	0	5	0	0	0	0	0	0	0	0	0	0	0	0	0	0	0	73	36.5	2	
13014	Axe of Rin'ji	0	11	0	0	0	5	0	0	0	5	0	0	0	0	0	0	0	0	0	0	0	0	0	0	0	66.5	35	1.9	
17015	Dark Iron Reaver	0	10	0	0	0	0	0	0	0	0	0	0	0	0	0	0	0	0	0	0	0	0	6	0	0	102.5	42.7083	2.4	
17002	Ichor Spitter	0	0	0	0	0	0	0	0	0	5	0	0	0	0	0	0	0	0	0	0	0	0	0	0	0	87.5	36.4583	2.4	
18484	Cho'Rush's Blade	0	0	0	0	0	0	28	0	0	0	0	0	0	0	0	0	0	0	0	0	0	0	0	0	0	96	40	2.4	
17103	Azuresong Mageblade	0	7	0	12	0	0	0	0	0	0	0	0	0	0	0	0	40	0	0	1	0	0	0	0	0	102	42.5	2.4	
12773	Ornate Thorium Handaxe	0	0	0	0	10	0	0	0	0	5	0	0	0	0	0	0	0	0	0	0	0	0	0	0	0	62	32.6316	1.9	
22315	Hammer of Revitalization	0	5	0	0	0	0	0	0	0	0	0	0	0	0	0	0	0	0	0	0	26	0	0	0	0	108	40	2.7	
15862	Blitzcleaver	0	0	0	0	0	0	20	0	0	5	0	0	0	0	0	0	0	0	0	0	0	0	0	0	0	70.5	32.0455	2.2	
12590	Felstriker	0	0	0	0	0	0	0	0	0	0	0	0	0	0	0	0	0	0	0	0	0	0	0	0	0	77.5	45.5882	1.7	
12783	Heartseeker	0	0	0	0	4	0	0	0	1	0	0	0	0	0	0	0	0	0	0	0	0	0	0	0	0	70.5	41.4706	1.7	
12940	Dal'Rend's Sacred Charge	0	0	0	0	4	0	0	0	1	0	0	0	0	0	0	0	0	0	0	0	0	0	0	0	0	116	41.4286	2.8	
13368	Bonescraper	0	0	0	0	0	0	30	0	0	0	0	0	0	0	0	0	0	0	0	0	0	0	0	0	0	57	40.7143	1.4	
10744	Axe of the Ebon Drake	0	0	0	0	9	0	0	0	0	5	0	0	0	0	0	0	0	0	0	0	0	0	0	0	0	57.5	30.2632	1.9	
13984	Darrowspike	0	0	0	0	0	0	0	0	0	0	0	0	0	0	0	0	0	0	0	0	0	0	0	0	0	62	41.3333	1.5	
9478	Ripsaw	0	0	0	0	0	0	0	0	0	5	0	0	0	0	0	0	0	0	0	0	0	0	0	0	0	90	33.3333	2.7	
12062	Skilled Fighting Blade	0	0	0	0	0	0	0	0	0	4	0	0	0	0	0	0	0	0	0	0	0	0	0	0	0	50	35.7143	1.4	
18376	Timeworn Mace	120	11	0	0	7	0	0	0	0	0	0	0	0	0	0	0	0	0	0	0	0	0	0	0	0	89.5	40.6818	2.2	
18347	Well Balanced Axe	0	0	0	0	0	11	0	0	0	5	0	0	0	0	0	0	0	0	0	0	0	0	0	0	0	69	36.3158	1.9	
15806	Mirah's Song	0	0	0	0	9	9	0	0	0	0	0	0	0	0	0	0	0	0	0	0	0	0	0	0	0	72	40	1.8	
15237	Corpse Harvester	0	0	0	0	0	0	0	0	0	5	0	0	0	0	0	0	0	0	0	0	0	0	0	0	0	85	32.6923	2.6	
9684	Force of the Hippogryph	0	0	0	0	0	9	0	0	0	5	0	0	0	0	0	0	0	0	0	0	0	0	0	0	0	73	30.4167	2.4	
12797	Frostguard	0	0	0	0	0	0	0	0	0	0	0	0	0	0	0	0	0	0	0	0	0	0	0	0	0	95	41.3043	2.3	
15238	Warlord's Axe	0	0	0	0	0	0	0	0	0	5	0	0	0	0	0	0	0	0	0	0	0	0	0	0	0	79.5	34.5652	2.3	
19166	Black Amnesty	0	0	0	0	0	0	0	0	0	0	0	0	0	0	0	0	0	0	0	0	0	0	0	0	0	76.5	47.8125	1.6	
13006	Mass of McGowan	0	10	0	0	10	0	0	0	0	0	0	0	0	0	0	0	0	0	0	0	0	0	0	0	0	114.5	40.8929	2.8	
22322	The Jaw Breaker	0	0	0	0	0	0	0	0	1	0	0	0	0	0	0	0	0	0	0	0	0	0	0	0	0	64.5	40.3125	1.6	
18202	Eskhandar's Left Claw	0	0	0	0	0	4	0	0	0	0	0	0	0	0	0	0	0	0	0	0	0	0	0	0	0	72	48	1.5	
18203	Eskhandar's Right Claw	0	0	0	0	0	4	0	0	0	0	0	0	0	0	0	0	0	0	0	0	0	0	0	0	0	72	48	1.5	
18392	Distracting Dagger	0	0	0	0	0	0	0	0	0	6	0	0	0	0	0	0	0	0	0	0	0	0	0	0	0	53	40.7692	1.3	
10805	Eater of the Dead	0	0	0	0	0	0	0	0	0	5	0	0	0	0	0	0	0	0	0	0	0	0	0	0	0	70.5	32.0455	2.2	
20657	Crystal Tipped Stiletto	0	5	0	0	0	0	24	0	0	0	0	0	0	0	0	0	0	0	0	0	0	0	0	0	0	75	39.4737	1.9	
5267	Scarlet Kris	0	10	0	0	0	10	0	0	0	0	0	0	0	0	0	0	0	0	0	0	0	0	0	0	0	62	41.3333	1.5	
18310	Fiendish Machete	0	0	0	0	0	5	0	0	0	0	0	0	0	0	0	0	0	0	0	0	0	0	0	0	0	93	38.75	2.4	
15236	Moon Cleaver	0	0	0	0	0	0	0	0	0	5	0	0	0	0	0	0	0	0	0	0	0	0	0	0	0	68	30.9091	2.2	
809	Bloodrazor	0	0	0	0	0	0	0	0	0	0	0	0	0	0	0	0	0	0	0	0	0	0	0	0	0	100	37.037	2.7	
18683	Hammer of the Vesper	0	12	0	0	7	0	0	0	0	0	0	0	0	0	0	0	0	0	0	0	0	0	0	0	0	100.5	40.2	2.5	
13036	Assassination Blade	0	0	0	0	3	0	0	0	1	0	0	0	0	0	0	0	0	0	0	0	0	0	0	0	0	101.5	37.5926	2.7	
13204	Bashguuder	0	0	0	0	9	0	0	0	0	0	0	0	0	0	0	0	0	0	0	0	0	0	0	0	0	71	39.4444	1.8	
22404	Willey's Back Scratcher	0	12	0	0	0	0	10	0	0	0	0	0	0	0	0	0	0	0	0	0	0	0	0	0	0	104.5	40.1923	2.6	
6622	Sword of Zeal	0	0	0	0	0	0	0	0	0	0	0	0	0	0	0	0	0	0	0	0	0	0	0	0	0	116	41.4286	2.8	
23466	High Warlord's Spellblade	0	14	0	8	0	0	0	0	0	0	0	0	0	0	0	0	72	0	0	1	0	0	0	0	0	83	41.5	2	
17705	Thrash Blade	0	0	0	0	0	0	0	0	0	0	0	0	0	0	0	0	0	0	0	0	0	0	0	0	0	95	35.1852	2.7	
12535	Doomforged Straightedge	0	0	0	0	10	0	12	0	0	0	0	0	0	0	0	0	0	0	0	0	0	0	0	0	0	68	35.7895	1.9	
13360	Gift of the Elven Magi	0	5	6	10	0	0	0	0	0	0	0	0	0	0	0	0	0	0	0	0	0	0	0	0	0	62	41.3333	1.5	
12794	Masterwork Stormhammer	0	0	0	0	0	0	0	0	0	0	0	0	0	0	0	0	0	0	0	0	0	0	0	0	0	83	41.5	2	
13349	Scepter of the Unholy	0	5	0	0	0	0	0	0	0	0	0	0	0	0	0	0	0	0	0	0	0	0	0	0	0	99	41.25	2.4	
12939	Dal'Rend's Tribal Guardian	100	0	0	0	0	0	0	0	0	0	7	0	0	0	0	0	0	0	0	0	0	0	0	0	0	74.5	41.3889	1.8	
18321	Energetic Rod	0	0	0	5	0	0	0	0	0	0	0	0	0	0	0	0	14	0	0	0	0	0	0	0	0	89	38.6957	2.3	
2243	Hand of Edward the Odd	0	0	10	13	0	0	0	0	0	0	0	0	0	0	0	0	0	0	0	0	0	0	0	0	0	72	45	1.6	
10847	Dragon's Call	0	0	0	0	0	0	0	0	0	0	0	0	0	0	0	0	0	0	0	0	0	0	0	0	0	103.5	41.4	2.5	
13361	Skullforge Reaver	0	0	0	0	0	0	0	0	0	0	0	0	0	0	0	0	0	0	0	0	0	0	0	0	0	103.5	41.4	2.5	
14555	Alcor's Sunrazor	0	0	0	0	0	0	0	0	0	0	0	0	0	0	0	0	0	0	0	0	0	0	10	0	0	59	45.3846	1.3	
18396	Mind Carver	0	0	0	8	0	0	0	0	0	0	0	0	0	0	0	0	12	0	0	0	0	0	0	0	0	81.5	40.75	2	
18463	Ogre Pocket Knife	0	7	0	0	0	0	16	0	0	0	0	0	0	0	0	0	0	0	0	0	0	0	0	0	0	86	35.8333	2.4	
23132	Lord Blackwood's Blade	60	14	0	0	0	0	0	0	0	0	0	0	0	0	0	0	0	0	0	0	0	0	0	0	0	61	40.6667	1.5	
12709	Finkle's Skinner	0	0	0	0	0	0	0	0	0	0	0	0	0	0	0	0	0	0	0	0	0	0	0	0	0	53.5	41.1538	1.3	
810	Hammer of the Northern Wind	0	0	0	0	0	0	0	0	0	0	0	0	0	0	0	0	0	0	0	0	0	0	0	0	0	83	39.5238	2.1	
24222	The Shadowfoot Stabber	0	8	0	0	0	0	18	0	0	0	0	0	0	0	0	0	0	0	0	0	0	0	0	0	0	67.5	37.5	1.8	
18758	Specter's Blade	0	0	0	0	0	0	0	0	0	0	0	0	0	0	0	0	0	0	0	0	0	0	0	0	0	73.5	40.8333	1.8	
13246	Argent Avenger	0	0	0	0	0	0	0	0	0	0	0	0	0	0	0	0	0	0	0	0	0	0	0	0	0	89.5	40.6818	2.2	
18671	Baron Charr's Sceptre	0	0	0	0	5	0	0	0	0	0	0	0	0	0	0	0	0	0	0	0	0	0	0	0	0	101	38.8462	2.6	
14487	Bonechill Hammer	0	0	0	0	0	0	0	0	0	0	0	0	0	0	0	0	0	0	0	0	0	0	0	0	0	97.5	40.625	2.4	
13953	Silent Fang	0	0	0	0	0	0	0	0	0	0	0	0	0	0	0	0	0	0	0	0	0	0	0	0	0	65	40.625	1.6	
13964	Witchblade	0	0	0	8	0	0	0	0	0	0	0	0	0	0	0	0	14	0	0	0	0	0	0	0	0	65	40.625	1.6	
13182	Phase Blade	0	12	0	0	7	0	0	0	0	0	0	0	0	0	0	0	0	0	0	0	0	0	0	0	0	79	37.619	2.1	
13028	Bludstone Hammer	0	5	12	0	0	0	0	0	0	0	0	0	0	0	0	0	0	0	0	0	0	0	0	0	0	84.5	40.2381	2.1	
13218	Fang of the Crystal Spider	0	0	0	0	0	0	0	0	0	0	0	0	0	0	0	0	0	0	0	0	0	0	0	0	0	64.5	40.3125	1.6	
8190	Hanzo Sword	0	0	0	0	0	0	0	0	0	0	0	0	0	0	0	0	0	0	0	0	0	0	0	0	0	54.5	36.3333	1.5	
13401	The Cruel Hand of Timmy	0	0	0	0	0	0	0	0	0	0	0	0	0	0	0	0	0	0	0	0	0	0	0	0	0	72	40	1.8	
14024	Frightalon	0	0	0	0	0	0	0	0	0	0	0	0	0	0	0	0	0	0	0	0	0	0	0	0	0	56	40	1.4	
12061	Blade of Reckoning	0	0	0	0	0	0	22	0	0	0	0	0	0	0	0	0	0	0	0	0	0	0	0	0	0	86	35.8333	2.4	
13183	Venomspitter	0	0	0	0	0	0	0	0	0	0	0	0	0	0	0	0	0	0	0	0	0	0	0	0	0	75	39.4737	1.9	
13198	Hurd Smasher	0	0	0	0	0	0	0	0	0	0	0	0	0	0	0	0	0	0	0	0	0	0	0	0	0	71	39.4444	1.8	
12582	Keris of Zul'Serak	0	0	0	0	0	0	0	0	0	0	0	0	0	0	0	0	0	0	0	0	0	0	0	0	0	71	39.4444	1.8	
18048	Mastersmith's Hammer	0	0	0	5	0	0	0	0	0	0	0	0	0	0	0	0	14	0	0	0	0	0	0	0	0	94.5	39.375	2.4	
13027	Bonesnapper	0	5	0	0	11	0	0	0	0	0	0	0	0	0	0	0	0	0	0	0	0	0	0	0	0	95	35.1852	2.7	
18044	Hurley's Tankard	0	12	0	0	0	5	0	0	0	0	0	0	0	0	0	0	0	0	0	0	0	0	0	0	0	101.5	37.5926	2.7	
14576	Ebon Hilt of Marduk	0	0	0	0	0	0	0	0	0	0	0	0	0	0	0	0	0	0	0	0	0	0	0	0	0	105	38.8889	2.7	
13399	Gargoyle Shredder Talons	0	0	0	0	0	0	0	0	0	0	0	0	0	0	0	0	0	0	0	0	0	0	0	0	0	70	38.8889	1.8	
15221	Holy War Sword	0	0	0	0	0	0	0	0	0	0	0	0	0	0	0	0	0	0	0	0	0	0	0	0	0	85	38.6364	2.2	
11805	Rubidium Hammer	120	0	0	0	5	0	0	0	0	0	0	0	0	0	0	0	0	0	0	0	0	0	0	0	0	73.5	36.75	2	
11817	Lord General's Sword	0	0	0	0	0	0	0	0	0	0	0	0	0	0	0	0	0	0	0	0	0	0	0	0	0	96	36.9231	2.6	
15247	Bloodstrike Dagger	0	0	0	0	0	0	0	0	0	0	0	0	0	0	0	0	0	0	0	0	0	0	0	0	0	65	38.2353	1.7	
11922	Blood-etched Blade	0	12	0	0	0	0	0	0	0	0	0	0	0	0	0	0	6	0	0	0	0	0	0	0	0	56.5	37.6667	1.5	
1721	Viking Warhammer	0	11	0	0	5	0	0	0	0	0	0	0	0	0	0	0	0	0	0	0	0	0	0	0	0	86	35.8333	2.4	
18491	Lorespinner	0	5	5	6	0	0	0	0	0	0	0	0	0	0	0	0	0	0	0	0	0	3	0	0	0	56.5	37.6667	1.5	
11923	The Hammer of Grace	0	0	0	0	0	0	0	0	0	0	0	0	0	0	0	0	0	0	0	0	31	0	0	0	0	101.5	37.5926	2.7	
17070	Fang of the Mystics	0	0	0	10	0	0	0	0	0	0	0	0	0	0	0	0	40	0	0	1	0	4	0	0	0	62.2	41.4667	1.5	
12781	Serenity	0	0	0	0	0	0	0	0	0	0	0	0	0	0	0	0	0	0	0	0	0	0	0	0	0	75	37.5	2	
22266	Flarethorn	0	0	0	5	0	0	0	0	0	0	0	0	0	0	0	0	0	0	0	0	0	0	0	0	0	67.5	37.5	1.8	
18878	Sorcerous Dagger	0	8	0	17	0	0	0	0	0	0	0	0	0	0	0	0	20	0	0	0	0	0	0	0	0	59	42.1429	1.4	
12777	Blazing Rapier	0	0	0	0	0	0	0	0	0	0	0	0	0	0	0	0	0	0	0	0	0	0	0	0	0	63	37.0588	1.7	
15220	Battlefell Sabre	0	0	0	0	0	0	0	0	0	0	0	0	0	0	0	0	0	0	0	0	0	0	0	0	0	81.5	37.0455	2.2	
15246	Demon Blade	0	0	0	0	0	0	0	0	0	0	0	0	0	0	0	0	0	0	0	0	0	0	0	0	0	66.5	36.9444	1.8	
8708	Hammer of Expertise	0	0	0	0	0	0	0	0	0	0	0	0	0	0	0	0	0	0	0	0	0	0	0	0	0	77.5	36.9048	2.1	
15705	Tidecrest Blade	0	0	5	0	8	0	0	0	0	0	0	0	0	0	0	0	0	0	0	0	0	0	0	0	0	88.5	34.0385	2.6	
11744	Bloodfist	0	0	0	0	0	0	0	0	0	0	0	0	0	0	0	0	0	0	0	0	0	0	0	0	0	55	36.6667	1.5	
10828	Dire Nail	0	0	0	0	0	0	0	0	0	0	0	0	0	0	0	0	0	0	0	0	0	0	0	0	0	55	36.6667	1.5	
6660	Julie's Dagger	0	0	0	0	0	0	0	0	0	0	0	0	0	0	0	0	0	0	0	0	0	0	0	0	0	47.5	36.5385	1.3	
18462	Jagged Bone Fist	0	7	0	0	8	0	0	0	0	0	0	0	0	0	0	0	0	0	0	0	0	0	0	0	0	64.5	35.8333	1.8	
12791	Barman Shanker	0	0	0	0	0	0	0	0	0	0	0	0	0	0	0	0	0	0	0	0	0	0	0	0	0	73	36.5	2	
17003	Skullstone Hammer	0	4	3	9	0	0	0	0	0	0	0	0	0	0	0	0	0	0	0	0	0	0	0	0	0	98	36.2963	2.7	
11120	Belgrom's Hammer	0	0	0	0	10	0	0	0	0	0	0	0	0	0	0	0	0	0	0	0	0	0	0	0	0	92	32.8571	2.8	
11743	Rockfist	0	0	0	0	10	0	0	0	0	0	0	0	0	0	0	0	0	0	0	0	0	0	0	0	0	46	32.8571	1.4	
18372	Blade of the New Moon	0	5	0	0	0	0	0	0	0	0	0	0	0	0	0	0	0	0	0	0	0	0	0	0	0	57	40.7143	1.4	
10750	Lifeforce Dirk	0	11	0	0	0	0	0	0	0	0	0	0	0	0	0	0	0	0	0	0	0	0	0	0	0	57.5	35.9375	1.6	
11964	Swiftstrike Cudgel	0	0	0	0	0	0	0	1	0	0	0	0	0	0	0	0	0	0	0	0	0	0	0	0	0	52	32.5	1.6	
10838	Might of Hakkar	0	11	5	0	0	0	0	0	0	0	0	0	0	0	0	0	0	0	0	0	0	0	0	0	0	86	35.8333	2.4	
17710	Charstone Dirk	0	0	0	11	0	0	0	0	0	0	0	0	0	0	0	0	0	0	0	0	0	0	0	0	0	57.5	35.9375	1.6	
15782	Beaststalker Blade	0	0	0	0	0	0	0	0	0	0	0	0	0	0	0	0	0	0	0	0	0	0	0	0	0	79	35.9091	2.2	
10696	Enchanted Azsharite Felbane Sword	0	0	0	0	0	0	0	0	0	0	0	0	0	0	0	0	0	0	0	0	0	0	0	0	0	71.5	35.75	2	
15814	Hameya's Slayer	0	0	0	0	0	0	0	0	0	0	0	0	0	0	0	0	0	0	0	0	0	0	0	0	0	71.5	35.75	2	
11635	Hookfang Shanker	0	0	0	0	0	0	0	0	0	0	0	0	0	0	0	0	0	0	0	0	0	0	0	0	0	50	35.7143	1.4	
10697	Enchanted Azsharite Felbane Dagger	0	0	0	0	0	0	0	0	0	0	0	0	0	0	0	0	0	0	0	0	0	0	0	0	0	53.5	35.6667	1.5	
17733	Fist of Stone	0	11	5	0	0	0	0	0	0	0	0	0	0	0	0	0	0	0	0	0	0	0	0	0	0	63.5	35.2778	1.8	
15783	Beasthunter Dagger	0	0	0	0	0	0	0	0	0	0	0	0	0	0	0	0	0	0	0	0	0	0	0	0	0	60.5	35.5882	1.7	
2163	Shadowblade	0	0	0	0	0	0	0	0	0	0	0	0	0	0	0	0	0	0	0	0	0	0	0	0	0	54.5	38.9286	1.4	
11784	Arbiter's Blade	0	8	0	5	0	0	0	0	0	0	0	0	0	0	0	0	8	0	0	0	0	0	0	0	0	84.5	35.2083	2.4	
15706	Hunt Tracker Blade	0	0	5	0	0	8	0	0	0	0	0	0	0	0	0	0	0	0	0	0	0	0	0	0	0	50.5	33.6667	1.5	
17943	Fist of Stone	0	0	0	0	0	0	0	0	0	0	0	0	0	0	0	0	0	0	0	0	0	0	0	0	0	63.5	35.2778	1.8	
20647	Black Crystal Dagger	0	0	0	3	0	0	0	0	0	0	0	0	0	0	0	0	0	0	0	0	0	0	0	0	0	63.5	35.2778	1.8	
868	Ardent Custodian	100	0	0	0	0	0	0	0	0	0	5	0	0	0	0	0	0	0	0	0	0	0	0	0	0	69	32.8571	2.1	
10797	Firebreather	0	0	0	0	0	0	0	0	0	0	0	0	0	0	0	0	0	0	0	0	0	0	0	0	0	77.5	35.2273	2.2	
17719	Inventor's Focal Sword	0	0	0	0	0	0	0	0	0	0	0	0	0	0	0	0	0	0	0	1	0	0	0	0	0	77.5	35.2273	2.2	
15219	Dimensional Blade	0	0	0	0	0	0	0	0	0	0	0	0	0	0	0	0	0	0	0	0	0	0	0	0	0	56	35	1.6	
15800	Intrepid Shortsword	0	11	0	0	0	0	0	0	0	0	0	0	0	0	0	0	0	0	0	0	0	0	0	0	0	72.5	34.5238	2.1	
20035	Glacial Spike	0	0	0	4	0	0	0	0	0	0	0	0	0	0	0	0	0	0	0	0	0	0	0	0	0	45	34.6154	1.3	
12792	Volcanic Hammer	0	0	0	0	0	0	0	0	0	0	0	0	0	0	0	0	0	0	0	0	0	0	0	0	0	86.5	34.6	2.5	
15801	Valiant Shortsword	0	0	0	11	0	0	0	0	0	0	0	0	0	0	0	0	0	0	0	0	0	0	0	0	0	72.5	34.5238	2.1	
17738	Claw of Celebras	0	0	0	0	0	0	0	0	0	0	0	0	0	0	0	0	0	0	0	0	0	0	0	0	0	62	34.4444	1.8	
17780	Blade of Eternal Darkness	0	0	0	0	0	0	0	0	0	0	0	0	0	0	0	0	0	0	0	0	0	0	0	0	0	51.5	34.3333	1.5	
11863	White Bone Shredder	0	0	0	0	4	7	0	0	0	0	0	0	0	0	0	0	0	0	0	0	0	0	0	0	0	43.5	31.0714	1.4	
11603	Vilerend Slicer	0	0	0	0	0	0	0	0	0	0	0	0	0	0	0	0	0	0	0	0	0	0	0	0	0	47.5	33.9286	1.4	
2164	Gut Ripper	0	0	0	0	0	0	0	0	0	0	0	0	0	0	0	0	0	0	0	0	0	0	0	0	0	61	33.8889	1.8	
15218	Crystal Sword	0	0	0	0	0	0	0	0	0	0	0	0	0	0	0	0	0	0	0	0	0	0	0	0	0	78	33.913	2.3	
12531	Searing Needle	0	0	0	0	0	0	0	0	0	0	0	0	0	0	0	0	0	0	0	0	0	0	0	0	0	61	33.8889	1.8	
17055	Changuk Smasher	0	6	5	6	0	0	0	0	0	0	0	0	0	0	0	0	0	0	0	0	0	0	0	0	0	63.5	33.4211	1.9	
11086	Jang'thraze the Protector	0	0	0	0	0	0	0	0	0	0	0	0	0	0	0	0	0	0	0	0	0	0	0	0	0	63.5	33.4211	1.9	
11902	Linken's Sword of Mastery	0	0	0	0	0	0	0	0	0	0	0	0	0	0	0	0	0	0	0	0	0	0	0	0	0	60	33.3333	1.8	
17054	Joonho's Mercy	0	0	0	0	0	0	0	0	0	0	0	0	0	0	0	0	0	0	0	0	0	0	0	0	0	70	33.3333	2.1	
17752	Satyr's Lash	0	0	0	0	0	0	0	0	0	0	0	0	0	0	0	0	0	0	0	0	0	0	0	0	0	56.5	33.2353	1.7	
11906	Beastsmasher	0	0	0	0	0	0	0	0	0	0	0	0	0	0	0	0	0	0	0	0	0	0	0	0	0	69	32.8571	2.1	
15229	Blesswind Hammer	0	0	0	0	0	0	0	0	0	0	0	0	0	0	0	0	0	0	0	0	0	0	0	0	0	69	32.8571	2.1	
7947	Ebon Shiv	0	0	0	0	0	9	0	0	0	0	0	0	0	0	0	0	0	0	0	0	0	0	0	0	0	45.5	30.3333	1.5	
15217	Widow Blade	0	0	0	0	0	0	0	0	0	0	0	0	0	0	0	0	0	0	0	0	0	0	0	0	0	64.5	32.25	2	
15863	Grave Scepter	0	0	5	8	0	0	0	0	0	0	0	0	0	0	0	0	0	0	0	0	0	0	0	0	0	51.5	32.1875	1.6	
10803	Blade of the Wretched	0	0	0	0	0	0	0	0	0	0	0	0	0	0	0	0	0	0	0	0	0	0	0	0	0	67.5	32.1429	2.1	
10804	Fist of the Damned	0	0	0	0	0	0	0	0	0	0	0	0	0	0	0	0	0	0	0	0	0	0	0	0	0	61	32.1053	1.9	
869	Dazzling Longsword	0	0	0	0	0	0	0	0	0	0	0	0	0	0	0	0	0	0	0	0	0	0	0	0	0	53.5	31.4706	1.7	
15228	Smashing Star	0	0	0	0	0	0	0	0	0	0	0	0	0	0	0	0	0	0	0	0	0	0	0	0	0	88.5	31.6071	2.8	
9651	Gryphon Rider's Stormhammer	0	0	0	0	0	0	0	0	0	0	0	0	0	0	0	0	0	0	0	0	0	0	0	0	0	85	31.4815	2.7	
16769	Furbolg Medicine Totem	0	6	6	0	0	0	0	0	0	0	0	0	0	0	0	0	0	0	0	0	0	0	0	0	0	77.5	31	2.5	
9686	Spirit of the Faerie Dragon	0	9	0	0	0	0	0	0	0	0	0	0	0	0	0	0	0	0	0	0	0	0	0	0	0	79	30.3846	2.6	
15216	Rune Sword	0	0	0	0	0	0	0	0	0	0	0	0	0	0	0	0	0	0	0	0	0	0	0	0	0	48.5	30.3125	1.6	
15245	Vorpal Dagger	0	0	0	0	0	0	0	0	0	0	0	0	0	0	0	0	0	0	0	0	0	0	0	0	0	47.5	29.6875	1.6	
17069	Striker's Mark	0	0	0	0	0	0	22	1	0	0	0	0	0	0	0	0	0	0	0	0	0	0	0	0	0	99	39.6	2.5	
17072	Blastershot Launcher	0	6	0	0	0	0	0	0	1	0	0	0	0	0	0	0	0	0	0	0	0	0	0	0	0	104.5	40.1923	2.6	
12651	Blackcrow	0	0	0	0	0	3	0	1	0	0	0	0	0	0	0	0	0	0	0	0	0	0	0	0	0	97	30.3125	3.2	
18323	Satyr's Bow	0	0	0	0	0	3	0	1	0	0	0	0	0	0	0	0	0	0	0	0	0	0	0	0	0	71.5	29.7917	2.4	
12653	Riphook	0	0	0	0	0	0	22	0	0	0	0	0	0	0	0	0	0	0	0	0	0	0	0	0	0	66.5	30.2273	2.2	
18282	Core Marksman Rifle	0	0	0	0	0	0	0	1	0	0	0	0	0	0	0	0	0	0	0	0	0	0	0	0	0	92	36.8	2.5	
22318	Malgen's Long Bow	0	4	0	0	0	0	20	0	0	0	0	0	0	0	0	0	0	0	0	0	0	0	0	0	0	90.5	31.2069	2.9	
2100	Precisely Calibrated Boomstick	0	0	0	0	0	14	0	0	0	0	0	0	0	0	0	0	0	0	0	0	0	0	0	0	0	41.5	27.6667	1.5	
18460	Unsophisticated Hand Cannon	0	0	0	0	8	0	0	0	0	0	0	0	0	0	0	0	0	0	0	0	0	0	0	0	0	69.5	27.8	2.5	
13139	Guttbuster	0	0	0	0	3	8	0	0	0	0	0	0	0	0	0	0	0	0	0	0	0	0	0	0	0	70.5	26.1111	2.7	
18680	Ancient Bone Bow	0	0	0	0	0	11	0	0	0	0	0	0	0	0	0	0	0	0	0	0	0	0	0	0	0	87.5	31.25	2.8	
13023	Eaglehorn Long Bow	0	4	0	0	0	10	0	0	0	0	0	0	0	0	0	0	0	0	0	0	0	0	0	0	0	58	32.2222	1.8	
13040	Heartseeking Crossbow	0	4	0	0	0	9	0	0	0	0	0	0	0	0	0	0	0	0	0	0	0	0	0	0	0	89.5	28.871	3.1	
13248	Burstshot Harquebus	0	8	0	0	0	0	10	0	0	0	0	0	0	0	0	0	0	0	0	0	0	0	0	0	0	75	28.8462	2.6	
13022	Gryphonwing Long Bow	0	4	0	0	0	8	0	0	0	0	0	0	0	0	0	0	0	0	0	0	0	0	0	0	0	76.5	28.3333	2.7	
13380	Willey's Portable Howitzer	0	9	0	0	0	0	8	0	0	0	0	0	0	0	0	0	0	0	0	0	0	0	0	0	0	90.5	31.2069	2.9	
16996	Gorewood Bow	0	9	0	0	2	3	0	0	0	0	0	0	0	0	0	0	0	0	0	0	0	0	0	0	0	79.5	31.8	2.5	
18482	Ogre Toothpick Shooter	0	5	0	0	0	6	0	0	0	0	0	0	0	0	0	0	0	0	0	0	0	0	0	0	0	61.5	27.9545	2.2	
19114	Highland Bow	0	4	0	0	0	5	0	0	0	0	0	0	0	0	0	0	0	0	0	0	0	0	0	0	0	59	23.6	2.5	
18738	Carapace Spine Crossbow	0	9	0	0	0	4	0	0	0	0	0	0	0	0	0	0	0	0	0	0	0	0	0	0	0	103	31.2121	3.3	
18755	Xorothian Firestick	0	6	0	0	0	4	0	0	0	0	0	0	0	0	0	0	0	0	0	0	0	0	0	0	0	82.5	31.7308	2.6	
11628	Houndmaster's Bow	0	0	0	0	0	3	0	0	0	0	0	0	0	0	0	0	0	0	0	0	0	0	0	0	0	49	27.2222	1.8	
11629	Houndmaster's Rifle	0	0	0	0	0	3	0	0	0	0	0	0	0	0	0	0	0	0	0	0	0	0	0	0	0	63	27.3913	2.3	
20646	Sandstrider's Mark	0	8	0	0	0	0	0	0	0	0	0	0	0	0	0	0	0	0	0	0	0	0	0	0	0	63	27.3913	2.3	
18837	High Warlord's Crossbow	0	7	0	0	0	0	0	0	0	0	0	0	0	0	0	0	0	0	0	0	0	0	0	0	0	134.5	46.3793	2.9	
18835	High Warlord's Recurve	0	7	0	0	0	0	0	0	0	0	0	0	0	0	0	0	0	0	0	0	0	0	0	0	0	83	46.1111	1.8	
18860	High Warlord's Street Sweeper	0	7	0	0	0	0	0	0	0	0	0	0	0	0	0	0	0	0	0	0	0	0	0	0	0	134.5	46.3793	2.9	
18729	Screeching Bow	0	3	0	0	0	0	0	0	0	0	0	0	0	0	0	0	0	0	0	0	0	0	0	0	0	70.5	30.6522	2.3	
2825	Bow of Searing Arrows	0	0	0	0	0	0	0	0	0	0	0	0	0	0	0	0	0	0	0	0	0	0	0	0	0	67.5	25	2.7	
15323	Percussion Shotgun	0	0	0	0	0	0	0	0	0	0	0	0	0	0	0	0	0	0	0	0	0	0	0	0	0	53.5	23.2609	2.3	
15291	Harpy Needler	0	0	0	0	0	0	0	0	0	0	0	0	0	0	0	0	0	0	0	0	0	0	0	0	0	64	23.7037	2.7	
15995	Thorium Rifle	0	0	0	0	0	0	0	0	0	0	0	0	0	0	0	0	0	0	0	0	0	0	0	0	0	60.5	24.2	2.5	
17717	Megashot Rifle	0	0	0	0	0	0	0	0	0	0	0	0	0	0	0	0	0	0	0	0	0	0	0	0	0	46.5	27.3529	1.7	
15294	Siege Bow	0	0	0	0	0	0	0	0	0	0	0	0	0	0	0	0	0	0	0	0	0	0	0	0	0	69	24.6429	2.8	
17753	Verdant Keeper's Aim	0	0	0	0	0	0	0	0	0	0	0	0	0	0	0	0	0	0	0	0	0	0	0	0	0	76.5	27.3214	2.8	
2824	Hurricane	0	0	0	0	0	0	0	0	0	0	0	0	0	0	0	0	0	0	0	0	0	0	0	0	0	48.5	30.3125	1.6	
16004	Dark Iron Rifle	0	0	0	0	0	0	0	0	0	0	0	0	0	0	0	0	0	0	0	0	0	0	0	0	0	76.5	28.3333	2.7	
15295	Quillfire Bow	0	0	0	0	0	0	0	0	0	0	0	0	0	0	0	0	0	0	0	0	0	0	0	0	0	59	25.6522	2.3	
15324	Burnside Rifle	0	0	0	0	0	0	0	0	0	0	0	0	0	0	0	0	0	0	0	0	0	0	0	0	0	65	26	2.5	
13474	Farmer Dalson's Shotgun	0	0	0	0	0	0	0	0	0	0	0	0	0	0	0	0	0	0	0	0	0	0	0	0	0	49	25.7895	1.9	
16622	Thornflinger	0	0	0	0	0	0	0	0	0	0	0	0	0	0	0	0	0	0	0	0	0	0	0	0	0	74.5	26.6071	2.8	
13146	Shell Launcher Shotgun	0	0	0	0	0	0	0	0	0	0	0	0	0	0	0	0	0	0	0	0	0	0	0	0	0	68.5	29.7826	2.3	
2099	Dwarven Hand Cannon	0	0	0	0	0	0	0	0	0	0	0	0	0	0	0	0	0	0	0	0	0	0	0	0	0	95	32.7586	2.9	
15325	Sharpshooter Harquebus	0	0	0	0	0	0	0	0	0	0	0	0	0	0	0	0	0	0	0	0	0	0	0	0	0	61.5	27.9545	2.2	
16992	Smokey's Explosive Launcher	0	0	0	0	0	0	0	0	0	0	0	0	0	0	0	0	0	0	0	0	0	0	0	0	0	75	27.7778	2.7	
13175	Voone's Twitchbow	0	0	0	0	0	0	0	0	0	0	0	0	0	0	0	0	0	0	0	0	0	0	0	0	0	44.5	27.8125	1.6	
15288	Blasthorn Bow	0	0	0	0	0	0	0	0	0	0	0	0	0	0	0	0	0	0	0	0	0	0	0	0	0	73.5	28.2692	2.6	
16007	Flawless Arcanite Rifle	0	0	0	0	0	0	0	0	0	0	0	0	0	0	0	4	0	0	0	0	0	0	0	0	0	93.5	31.1667	3	
18388	Stoneshatter	0	0	0	0	0	0	0	0	0	0	0	0	0	0	0	4	0	0	0	0	0	0	0	0	0	92	31.7241	2.9	
15296	Hawkeye Bow	0	0	0	0	0	0	0	0	0	0	0	0	0	0	0	0	0	0	0	0	0	0	0	0	0	50	29.4118	1.7	
15289	Archstrike Bow	0	0	0	0	0	0	0	0	0	0	0	0	0	0	0	0	0	0	0	0	0	0	0	0	0	69.5	30.2174	2.3	
9654	Cairnstone Sliver	0	0	0	0	0	0	0	0	0	0	0	0	0	0	0	0	0	0	0	0	0	0	0	0	0	74.5	41.3889	1.8	
19118	Nature's Breath	0	3	0	6	0	0	0	0	0	0	0	0	0	0	0	0	0	0	0	0	0	0	0	0	0	57.5	41.0714	1.4	
13065	Wand of Allistarj	0	0	0	0	0	0	0	0	0	0	0	0	0	0	0	0	0	0	0	0	0	0	0	0	0	92	48.4211	1.9	
15279	Ivory Wand	0	0	0	0	0	0	0	0	0	0	0	0	0	0	0	0	0	0	0	0	0	0	0	0	0	59	42.1429	1.4	
17745	Noxious Shooter	0	7	0	0	0	0	0	0	0	0	0	0	0	0	0	0	0	0	0	0	0	0	0	5	0	80	50	1.6	
20082	Woestave	0	3	0	0	0	0	0	0	0	0	0	0	0	0	0	0	0	0	0	0	0	0	0	0	0	97.5	51.3158	1.9	
11748	Pyric Caduceus	0	0	0	0	0	0	0	0	0	0	0	0	0	0	0	0	0	0	0	0	0	0	0	0	0	94.5	52.5	1.8	
15280	Wizard's Hand	0	0	0	0	0	0	0	0	0	0	0	0	0	0	0	0	0	0	0	0	0	0	0	0	0	80	44.4444	1.8	
10836	Rod of Corrosion	0	0	0	0	0	0	0	0	0	0	0	0	0	0	0	0	0	0	0	0	0	0	0	10	0	71.5	55	1.3	
12605	Serpentine Skuller	0	0	0	0	0	0	0	0	0	0	0	0	0	0	0	0	0	0	0	0	0	0	0	0	0	76.5	54.6429	1.4	
15281	Glowstar Rod	0	0	0	0	0	0	0	0	0	0	0	0	0	0	0	0	0	0	0	0	0	0	0	0	0	75	50	1.5	
13396	Skul's Ghastly Touch	0	0	0	0	0	0	0	0	0	0	0	0	0	0	0	0	0	0	0	0	0	0	0	0	0	100.5	55.8333	1.8	
22254	Wand of Eternal Light	0	0	0	6	0	0	0	0	0	0	0	0	0	0	0	0	0	0	0	0	9	2	0	0	0	83.5	55.6667	1.5	
13004	Torch of Austen	0	0	0	0	0	0	0	0	0	0	0	0	0	0	0	0	0	0	0	0	0	0	10	0	0	79.5	56.7857	1.4	
18301	Lethtendris's Wand	0	0	0	0	0	0	0	0	0	0	0	0	0	0	0	0	9	0	0	0	0	0	0	0	0	86.5	50.8824	1.7	
18338	Wand of Arcane Potency	0	0	0	0	0	0	0	0	0	0	0	0	0	0	0	0	0	0	0	0	0	0	0	0	0	93.5	58.4375	1.6	
13534	Banshee Finger	0	0	0	0	0	0	0	0	0	0	0	0	0	0	0	0	0	0	0	0	0	0	0	0	10	113.5	59.7368	1.9	
15282	Dragon Finger	0	0	0	0	0	0	0	0	0	0	0	0	0	0	0	0	0	0	0	0	0	0	0	0	0	74.5	53.2143	1.4	
16993	Smokey's Fireshooter	0	0	0	0	0	0	0	0	0	0	0	0	0	0	0	0	0	0	0	0	0	0	0	0	0	101	53.1579	1.9	
18483	Mana Channeling Wand	0	0	0	0	0	0	0	0	0	0	0	0	0	0	0	0	0	0	0	0	0	0	0	0	0	97.5	60.9375	1.6	
13938	Bonecreeper Stylus	0	0	0	4	0	0	0	0	0	0	0	0	0	0	0	0	11	0	0	0	0	0	0	0	0	119	62.6316	1.9	
18761	Oblivion's Touch	0	0	0	11	0	0	0	0	0	0	0	0	0	0	0	0	0	0	0	0	0	0	0	0	0	112.5	62.5	1.8	
16997	Stormrager	0	8	0	5	0	0	0	0	0	0	0	0	0	0	0	0	0	0	0	0	0	0	0	0	0	81.5	62.6923	1.3	
22401	Libram of Hope	0	0	0	0	0	0	0	0	0	0	0	0	0	0	0	0	0	0	0	0	0	0	0	0	0	0	0	0	
22345	Totem of Rebirth	0	0	0	0	0	0	0	0	0	0	0	0	0	0	0	0	0	0	0	0	0	0	0	0	0	0	0	0	
22408	Ritssyn's Wand of Bad Mojo	0	4	0	0	0	0	0	0	0	0	0	0	0	0	0	0	11	0	0	0	0	0	0	0	0	83	63.8462	1.3	
17077	Crimson Shocker	0	0	0	10	0	0	0	0	0	0	0	0	0	0	0	0	0	0	0	0	0	0	10	0	0	146.5	73.25	2	
15283	Lunar Wand	0	0	0	0	0	0	0	0	0	0	0	0	0	0	0	0	0	0	0	0	0	0	0	0	0	96.5	56.7647	1.7	
19130	Cold Snap	0	0	0	7	0	0	0	0	0	0	0	0	0	0	0	0	0	0	0	0	0	0	0	0	0	145	85.2941	1.7	
18713	Rhok'delar, Longbow of the Ancient Keepers	0	0	0	0	0	0	0	0	1	0	0	0	0	0	0	0	0	0	0	0	0	0	0	0	0	127.5	43.9655	2.9	
20488	Rhok'delar, Longbow of the Ancient Keepers DEP	0	0	0	0	0	0	0	0	1	0	0	0	0	0	0	0	0	0	0	0	0	0	0	0	0	127.5	43.9655	2.9	
18541	Puissant Cape	54	12	0	0	0	0	40	1	0	0	0	0	0	0	0	0	0	0	0	0	0	0	0	0	0	0	0	0	
13340	Cape of the Black Baron	45	0	0	0	0	15	20	0	0	0	0	0	0	0	0	0	0	0	0	0	0	0	0	0	0	0	0	0	
22337	Shroud of Domination	45	7	0	0	17	0	0	0	0	0	0	0	0	0	0	0	0	0	0	0	0	0	0	0	0	0	0	0	
23127	Cloak of Revanchion	45	11	0	0	10	10	0	0	0	0	0	0	0	0	0	0	0	0	0	0	0	0	0	0	0	0	0	0	
17102	Cloak of the Shrouded Mists	57	12	0	0	0	22	0	0	0	0	0	0	0	0	0	0	0	0	0	0	0	0	6	6	0	0	0	0	
11626	Blackveil Cape	38	0	0	0	6	14	0	0	0	0	0	0	0	0	0	0	0	0	0	0	0	0	0	0	0	0	0	0	
18204	Eskhandar's Pelt	51	20	0	0	0	0	0	0	1	0	0	0	0	0	0	0	0	0	0	0	0	0	0	0	0	0	0	0	
18328	Shadewood Cloak	42	7	0	0	13	0	0	0	0	0	0	0	0	0	0	0	0	0	0	0	0	0	0	7	0	0	0	0	
18689	Phantasmal Cloak	114	11	0	0	12	0	0	0	0	0	0	0	0	0	0	0	0	0	0	0	0	0	0	0	0	0	0	0	
18511	Shifting Cloak	48	8	0	0	0	17	0	0	0	0	0	1	0	0	0	0	0	0	0	0	0	0	0	0	0	0	0	0	
17107	Dragon's Blood Cape	116	22	0	0	9	0	0	0	0	0	0	0	0	0	0	0	0	0	0	0	0	0	5	0	0	0	0	0	
22269	Shadow Prowler's Cloak	45	7	0	0	0	17	0	0	0	0	0	0	0	0	0	0	0	0	0	0	0	0	0	0	0	0	0	0	
14813	Warstrike Cape	37	10	0	0	7	3	0	0	0	0	0	0	0	0	0	0	0	0	0	0	0	0	0	0	0	0	0	0	
14801	Bloodlust Cape	34	6	0	0	9	0	0	0	0	0	0	0	0	0	0	0	0	0	0	0	0	0	0	0	0	0	0	0	
12552	Blisterbane Wrap	39	3	0	0	0	15	0	0	0	0	0	0	0	0	0	0	0	0	0	0	0	0	0	0	0	0	0	0	
13203	Armswake Cloak	43	15	0	0	0	0	16	0	0	0	0	0	0	0	0	0	0	0	0	0	0	0	0	0	0	0	0	0	
13122	Dark Phantom Cape	39	0	6	0	0	15	0	0	0	0	0	0	0	0	0	0	0	0	0	0	0	0	0	0	0	0	0	0	
18734	Pale Moon Cloak	44	12	0	0	8	0	0	0	0	0	0	0	0	0	0	0	0	0	0	0	0	0	0	0	0	0	0	0	
14673	Pridelord Cape	34	5	0	0	3	9	0	0	0	0	0	0	0	0	0	0	0	0	0	0	0	0	0	0	0	0	0	0	
20693	Weighted Cloak	99	8	0	0	8	0	0	0	0	0	0	0	0	0	0	0	0	0	0	0	0	0	0	0	0	0	0	0	
19982	Duskbat Drape	37	0	0	0	0	14	0	0	0	0	0	0	0	0	0	0	0	0	0	0	0	0	0	0	0	0	0	0	
20219	Tattered Hakkari Cape	42	6	0	0	7	0	0	0	0	0	0	0	0	0	0	0	0	0	0	0	0	0	0	0	0	0	0	0	
15789	Deep River Cloak	36	7	0	0	0	11	0	0	0	0	0	0	0	0	0	0	0	0	0	0	0	0	0	0	0	0	0	0	
8259	Serpentskin Cloak	33	2	0	0	0	11	0	0	0	0	0	0	0	0	0	0	0	0	0	0	0	0	0	0	0	0	0	0	
11930	The Emperor's New Cape	43	16	0	0	0	7	0	0	0	0	0	0	0	0	0	0	0	0	0	0	0	0	0	0	0	0	0	0	
12066	Shaleskin Cape	38	11	0	0	0	6	0	0	0	0	0	0	0	0	0	0	0	0	0	0	0	0	0	0	0	0	0	0	
8266	Ebonhold Cloak	33	4	9	0	0	7	0	0	0	0	0	0	0	0	0	0	0	0	0	0	0	0	0	0	0	0	0	0	
15804	Cerise Drape	36	7	6	6	0	6	0	0	0	0	0	0	0	0	0	0	0	0	0	0	0	0	0	0	0	0	0	0	
15703	Chemist's Smock	36	12	0	0	0	3	0	0	0	0	0	0	0	0	0	0	0	0	0	0	0	0	0	0	0	0	0	0	
14459	Elunarian Cloak	37	6	11	0	2	0	0	0	0	0	0	0	0	0	0	0	0	0	0	0	0	0	0	0	0	0	0	0	
12967	Bloodmoon Cloak	45	17	5	0	0	0	0	0	0	0	0	0	0	0	0	0	0	0	0	0	0	0	0	0	0	0	0	0	
18811	Fireproof Cloak	54	12	8	9	0	0	0	0	0	0	0	0	0	0	0	0	0	0	0	0	0	0	18	0	0	0	0	0	
18495	Redoubt Cloak	45	15	0	0	0	0	0	0	0	0	7	0	0	0	0	0	0	0	0	0	0	0	0	0	0	0	0	0	
11677	Graverot Cape	39	15	6	0	0	0	0	0	0	0	0	0	0	0	0	0	0	0	0	0	0	0	0	0	0	0	0	0	
12465	Nightfall Drape	38	14	8	0	0	0	0	0	0	0	0	0	0	0	0	0	0	0	0	0	0	0	0	0	0	0	0	0	
17739	Grovekeeper's Drape	37	12	0	0	0	0	0	0	0	0	0	0	0	0	0	0	0	0	0	0	0	0	0	10	0	0	0	0	
18509	Chromatic Cloak	48	10	0	0	0	0	0	0	0	0	0	0	0	0	0	0	0	0	0	1	0	0	9	0	0	0	0	0	
11812	Cape of the Fire Salamander	41	9	6	0	0	0	0	0	0	0	0	0	0	0	0	0	0	0	0	0	0	0	12	0	0	0	0	0	
18208	Drape of Benediction	52	11	8	13	0	0	0	0	0	0	0	0	0	0	0	0	0	0	0	0	31	0	0	0	0	0	0	0	
17523	Smokey's Drape	38	9	0	0	0	0	0	0	0	0	0	0	0	0	0	0	0	0	0	0	0	0	10	0	0	0	0	0	
8304	Hero's Cape	37	11	0	6	0	0	0	0	0	0	0	0	0	0	0	0	0	0	0	0	0	0	0	0	0	0	0	0	
15138	Onyxia Scale Cloak	43	7	0	0	0	0	0	0	0	0	0	0	0	0	0	0	0	0	0	0	0	0	16	0	0	0	0	0	
17078	Sapphiron Drape	55	10	0	17	0	0	0	0	0	0	0	0	0	0	0	0	14	0	0	0	0	0	0	0	6	0	0	0	
22330	Shroud of Arcane Mastery	43	10	0	11	0	0	0	0	0	0	0	0	0	0	0	0	0	0	1	0	0	0	0	0	0	0	0	0	
17061	Juno's Shadow	41	10	0	5	0	0	0	0	0	0	0	0	0	0	0	0	0	0	0	0	0	0	0	0	0	0	0	0	
14134	Cloak of Fire	39	7	0	0	0	0	0	0	0	0	0	0	0	0	0	0	0	0	0	0	0	0	6	0	0	0	0	0	
18510	Hide of the Wild	48	8	0	10	0	0	0	0	0	0	0	0	0	0	0	0	0	0	0	0	42	0	0	0	0	0	0	0	
12551	Stoneshield Cloak	190	6	0	0	0	0	0	0	0	0	0	0	0	0	0	0	0	0	0	0	0	0	0	0	0	0	0	0	
15421	Shroud of the Exile	45	7	7	15	0	0	0	0	0	0	0	0	0	0	0	0	0	0	0	0	0	0	0	0	0	0	0	0	
18389	Cloak of the Cosmos	44	7	0	11	0	0	0	0	0	0	0	0	0	0	0	0	0	0	0	0	26	0	0	0	0	0	0	0	
13376	Royal Tribunal Cloak	42	7	0	16	0	0	0	0	0	0	0	0	0	0	0	0	0	0	0	0	0	0	0	0	0	0	0	0	
12608	Butcher's Apron	41	7	16	0	0	0	0	0	0	0	0	0	0	0	0	0	0	0	0	0	0	0	0	0	0	0	0	0	
19121	Deep Woodlands Cloak	37	6	0	9	0	0	0	0	0	0	0	0	0	0	0	0	12	0	0	0	0	0	0	0	0	0	0	0	
20218	Faded Hakkari Cloak	42	5	0	8	0	0	0	0	0	0	0	0	0	0	0	0	0	0	0	0	0	6	0	0	0	0	0	0	
18339	Eidolon Cloak	38	5	0	0	0	0	0	0	0	0	0	0	0	0	0	0	0	0	0	0	0	0	0	0	0	0	0	0	
12905	Wildfire Cape	43	0	0	0	0	0	0	0	0	0	0	0	0	0	0	0	0	0	0	0	0	0	20	0	0	0	0	0	
10843	Featherskin Cape	39	4	15	4	0	0	0	0	0	0	0	0	0	0	0	0	0	0	0	0	0	0	0	0	0	0	0	0	
11623	Spritecaster Cape	37	4	5	4	0	0	0	0	0	0	0	0	0	0	0	0	14	0	0	0	0	0	0	0	0	0	0	0	
8297	Traveler's Cloak	36	4	11	0	0	0	0	0	0	0	0	0	0	0	0	0	0	0	0	0	0	0	0	0	0	0	0	0	
14450	Highborne Cloak	33	4	4	9	0	0	0	0	0	0	0	0	0	0	0	0	0	0	0	0	0	0	0	0	0	0	0	0	
3475	Cloak of Flames	50	0	0	0	0	0	0	0	0	0	0	0	0	0	0	0	0	0	0	0	0	0	15	0	0	0	0	0	
14683	Indomitable Cloak	38	3	13	0	0	0	0	0	0	0	0	0	0	0	0	0	0	0	0	0	0	0	0	0	0	0	0	0	
8286	Arcane Cloak	36	3	12	0	0	0	0	0	0	0	0	0	0	0	0	0	0	0	0	0	0	0	0	0	0	0	0	0	
13007	Mageflame Cloak	41	0	0	0	0	0	0	0	0	0	0	0	0	0	0	0	0	0	0	0	0	0	10	0	0	0	0	0	
18413	Cloak of Warding	214	0	0	0	0	0	0	0	0	0	5	0	0	0	0	0	0	0	0	0	0	0	0	0	0	0	0	0	
12968	Frostweaver Cape	45	0	12	12	0	0	0	0	0	0	0	0	0	0	0	0	0	0	0	0	0	0	0	0	10	0	0	0	
18382	Fluctuating Cloak	44	0	0	0	0	0	0	0	0	0	0	0	0	0	0	0	0	0	0	0	0	0	0	0	0	0	0	0	
18496	Heliotrope Cloak	43	0	0	10	0	0	0	0	0	0	0	0	0	0	0	0	0	0	0	1	0	0	0	0	0	0	0	0	
13386	Archivist Cape	43	0	0	0	0	0	0	0	0	0	0	0	0	0	0	0	0	0	0	0	0	0	0	0	0	0	0	0	
18743	Gracious Cape	42	0	0	7	0	0	0	0	0	0	0	0	0	0	0	0	0	0	0	0	0	6	0	0	0	0	0	0	
10258	Adventurer's Cape	39	0	0	0	0	0	0	0	0	0	0	0	0	0	0	0	0	0	0	0	0	0	0	0	0	0	0	0	
15815	Hameya's Cloak	39	0	0	0	0	0	0	0	0	0	0	0	0	0	0	0	0	0	0	0	0	0	0	0	0	0	0	0	
10249	Master's Cloak	39	0	0	0	0	0	0	0	0	0	0	0	0	0	0	0	0	0	0	0	0	0	0	0	0	0	0	0	
10267	Masterwork Cape	39	0	0	0	0	0	0	0	0	0	0	0	0	0	0	0	0	0	0	0	0	0	0	0	0	0	0	0	
15437	Supreme Cape	39	0	0	0	0	0	0	0	0	0	0	0	0	0	0	0	0	0	0	0	0	0	0	0	0	0	0	0	
18677	Zephyr Cloak	39	0	0	0	0	0	0	0	0	0	0	0	0	0	0	0	0	0	0	0	0	0	0	15	0	0	0	0	
18350	Amplifying Cloak	39	0	0	0	0	0	0	0	0	0	0	0	0	0	0	0	18	0	0	0	0	0	0	0	0	0	0	0	
14331	Eternal Cloak	38	0	0	0	0	0	0	0	0	0	0	0	0	0	0	0	0	0	0	0	0	0	0	0	0	0	0	0	
10148	Mighty Cloak	38	0	0	0	0	0	0	0	0	0	0	0	0	0	0	0	0	0	0	0	0	0	0	0	0	0	0	0	
12110	Raincaster Drape	38	0	9	0	0	0	0	0	0	0	0	0	0	0	0	0	0	0	0	0	22	0	0	0	0	0	0	0	
15681	Triumphant Cloak	38	0	0	0	0	0	0	0	0	0	0	0	0	0	0	0	0	0	0	0	0	0	0	0	0	0	0	0	
10138	High Councillor's Cloak	38	0	0	0	0	0	0	0	0	0	0	0	0	0	0	0	0	0	0	0	0	0	0	0	0	0	0	0	
10159	Mercurial Cloak	38	0	0	0	0	0	0	0	0	0	0	0	0	0	0	0	0	0	0	0	0	0	0	0	0	0	0	0	
10212	Elegant Cloak	37	0	0	0	0	0	0	0	0	0	0	0	0	0	0	0	0	0	0	0	0	0	0	0	0	0	0	0	
10224	Nightshade Cloak	37	0	0	0	0	0	0	0	0	0	0	0	0	0	0	0	0	0	0	0	0	0	0	0	0	0	0	0	
14103	Brightcloth Cloak	36	0	0	0	0	0	0	0	0	0	0	0	0	0	0	0	0	0	0	0	0	0	0	0	7	0	0	0	
14044	Cindercloth Cloak	36	0	0	8	0	0	0	0	0	0	0	0	0	0	0	0	0	0	0	0	0	0	0	0	0	0	0	0	
10231	Engraved Cape	36	0	0	0	0	0	0	0	0	0	0	0	0	0	0	0	0	0	0	0	0	0	0	0	0	0	0	0	
15190	Grand Cloak	36	0	0	0	0	0	0	0	0	0	0	0	0	0	0	0	0	0	0	0	0	0	0	0	0	0	0	0	
14321	Resplendent Cloak	36	0	0	0	0	0	0	0	0	0	0	0	0	0	0	0	0	0	0	0	0	0	0	0	0	0	0	0	
11873	Ethereal Mist Cape	36	0	12	3	0	0	0	0	0	0	0	0	0	0	0	0	0	0	0	0	0	0	0	0	0	0	0	0	
15671	Magnificent Cloak	36	0	0	0	0	0	0	0	0	0	0	0	0	0	0	0	0	0	0	0	0	0	0	0	0	0	0	0	
12113	Sunborne Cape	36	0	5	0	0	0	0	0	0	0	0	0	0	0	0	0	0	0	0	0	0	0	0	0	0	0	0	0	
14313	Celestial Cape	35	0	0	0	0	0	0	0	0	0	0	0	0	0	0	0	0	0	0	0	0	0	0	0	0	0	0	0	
15661	Impenetrable Cloak	35	0	0	0	0	0	0	0	0	0	0	0	0	0	0	0	0	0	0	0	0	0	0	0	0	0	0	0	
15427	Peerless Cloak	35	0	0	0	0	0	0	0	0	0	0	0	0	0	0	0	0	0	0	0	0	0	0	0	0	0	0	0	
14300	Bonecaster's Cape	34	0	0	0	0	0	0	0	0	0	0	0	0	0	0	0	0	0	0	0	0	0	0	0	0	0	0	0	
10174	Mystical Cape	34	0	0	0	0	0	0	0	0	0	0	0	0	0	0	0	0	0	0	0	0	0	0	0	0	0	0	0	
10802	Wingveil Cloak	34	0	12	0	0	0	0	0	0	0	0	0	0	0	0	0	0	0	0	0	0	0	0	0	0	0	0	0	
10098	Councillor's Cloak	34	0	0	0	0	0	0	0	0	0	0	0	0	0	0	0	0	0	0	0	0	0	0	0	0	0	0	0	
10120	Ornate Cloak	34	0	0	0	0	0	0	0	0	0	0	0	0	0	0	0	0	0	0	0	0	0	0	0	0	0	0	0	
13860	Runecloth Cloak	34	0	9	8	0	0	0	0	0	0	0	0	0	0	0	0	0	0	0	0	0	0	0	0	0	0	0	0	
10108	Wanderer's Cloak	34	0	0	0	0	0	0	0	0	0	0	0	0	0	0	0	0	0	0	0	0	0	0	0	0	0	0	0	
10194	Crusader's Cloak	33	0	0	0	0	0	0	0	0	0	0	0	0	0	0	0	0	0	0	0	0	0	0	0	0	0	0	0	
8248	Imperial Red Cloak	33	0	4	11	0	0	0	0	0	0	0	0	0	0	0	0	0	0	0	0	0	0	0	0	0	0	0	0	
15183	Praetorian Cloak	33	0	0	0	0	0	0	0	0	0	0	0	0	0	0	0	0	0	0	0	0	0	0	0	0	0	0	0	
8215	Wild Leather Cloak	33	0	0	0	0	0	0	0	0	0	0	0	0	0	0	0	0	0	0	0	0	0	0	0	0	0	0	0	
15652	Merciless Cloak	33	0	0	0	0	0	0	0	0	0	0	0	0	0	0	0	0	0	0	0	0	0	0	0	0	0	0	0	
10185	Swashbuckler's Cape	33	0	0	0	0	0	0	0	0	0	0	0	0	0	0	0	0	0	0	0	0	0	0	0	0	0	0	0	
17076	Bonereaver's Edge	0	16	0	0	0	0	0	0	1	0	0	0	0	0	0	0	0	0	0	0	0	0	0	0	0	258	75.8824	3.4	
18831	High Warlord's Battle Axe	0	41	0	0	26	0	0	0	1	5	0	0	0	0	0	0	0	0	0	0	0	0	0	0	0	294	77.3684	3.8	
17182	Sulfuras, Hand of Ragnaros	0	12	0	0	12	0	0	0	0	0	0	0	0	0	0	0	0	0	0	0	0	0	30	0	0	297.5	80.4054	3.7	
18877	High Warlord's Greatsword	0	41	0	0	26	0	0	0	1	0	0	0	0	0	0	0	0	0	0	0	0	0	0	0	0	294	77.3684	3.8	
18871	High Warlord's Pig Sticker	0	41	0	0	26	0	0	0	1	0	0	0	0	0	0	0	0	0	0	0	0	0	0	0	0	294	77.3684	3.8	
18868	High Warlord's Pulverizer	0	41	0	0	26	0	0	0	1	0	0	0	0	0	0	0	0	0	0	0	0	0	0	0	0	294	77.3684	3.8	
17104	Spinal Reaper	0	0	0	0	0	0	34	0	0	5	0	0	0	0	0	0	0	0	0	0	0	0	0	0	0	254	74.7059	3.4	
23465	High Warlord's Destroyer	0	28	0	27	0	0	0	0	0	0	0	0	0	0	0	0	27	0	0	0	0	7	0	0	0	294	77.3684	3.8	
18822	Obsidian Edged Blade	0	0	0	0	42	0	0	0	0	8	0	0	0	0	0	0	0	0	0	0	0	0	0	0	0	220	64.7059	3.4	
19169	Nightfall	0	0	0	0	0	0	0	0	0	5	0	0	0	0	0	0	0	0	0	0	0	0	0	0	0	234.5	67	3.5	
17193	Sulfuron Hammer	0	0	0	0	0	0	0	0	0	0	0	0	0	0	0	0	0	0	0	0	0	0	0	0	0	235.5	63.6486	3.7	
12775	Huge Thorium Battleaxe	0	0	0	0	0	0	0	0	0	15	0	0	0	0	0	0	0	0	0	0	0	0	0	0	0	143	43.3333	3.3	
18538	Treant's Bane	0	15	0	0	25	0	0	0	2	5	0	0	0	0	0	0	0	0	0	0	0	0	0	0	0	160.5	59.4444	2.7	
17073	Earthshaker	0	0	0	0	0	0	22	0	0	0	0	0	0	0	0	0	0	0	0	0	0	0	0	0	0	219	62.5714	3.5	
18542	Typhoon	0	10	0	0	14	20	0	0	0	0	0	0	1	0	0	0	0	0	0	0	0	0	0	0	0	187.5	64.6552	2.9	
12784	Arcanite Reaper	0	13	0	0	0	0	62	0	0	5	0	0	0	0	0	0	0	0	0	0	0	0	0	0	0	204.5	53.8158	3.8	
18803	Finkle's Lava Dredger	0	25	0	24	0	0	0	0	0	0	0	0	0	0	0	0	0	0	0	0	0	9	15	0	0	194.5	67.069	2.9	
11931	Dreadforge Retaliator	0	0	0	0	0	0	30	0	1	5	0	0	1	0	0	0	0	0	0	0	0	0	0	0	0	187	50.5405	3.7	
18759	Malicious Axe	0	30	0	0	0	0	26	0	0	5	0	0	0	0	0	0	0	0	0	0	0	0	0	0	0	164	52.9032	3.1	
13003	Lord Alexander's Battle Axe	0	16	0	0	16	17	0	0	0	5	0	0	0	0	0	0	0	0	0	0	0	0	0	0	0	154	48.125	3.2	
11816	Angerforge's Battle Axe	0	11	0	0	27	0	0	0	0	5	0	0	0	0	0	0	0	0	0	0	0	0	0	0	0	125	48.0769	2.6	
12583	Blackhand Doomsaw	0	0	0	0	0	0	0	0	0	0	0	0	0	0	0	0	0	0	0	0	0	0	0	0	0	189	54	3.5	
13285	The Nicker	0	0	0	0	0	0	0	0	0	5	0	0	0	0	0	0	0	0	0	0	0	0	0	0	0	199	49.75	4	
13983	Gravestone War Axe	0	0	0	0	0	0	0	0	0	5	0	0	0	0	0	0	0	0	0	0	0	0	0	0	0	180.5	53.0882	3.4	
17223	Thunderstrike	0	0	0	0	0	0	0	0	0	0	0	0	0	0	0	0	0	0	0	0	0	0	0	0	0	184	59.3548	3.1	
18725	Peacemaker	0	0	0	0	0	0	56	0	1	0	0	0	0	0	0	0	0	0	0	0	0	0	0	0	0	171.5	50.4412	3.4	
20660	Stonecutting Glaive	0	0	0	0	29	12	0	0	0	0	0	0	0	0	0	0	0	0	0	0	0	0	0	0	0	190	51.3514	3.7	
18520	Barbarous Blade	0	0	0	0	0	0	60	0	1	0	0	0	0	0	0	0	0	0	0	0	0	0	0	0	0	172.5	53.9062	3.2	
18324	Waveslicer	0	0	0	0	26	0	0	0	1	5	0	0	0	0	0	0	0	0	0	0	0	0	0	0	0	154	49.6774	3.1	
12000	Limb Cleaver	0	6	0	0	21	0	0	0	0	5	0	0	0	0	0	0	0	0	0	0	0	0	0	0	0	102.5	42.7083	2.4	
13163	Relentless Scythe	0	8	0	0	20	8	0	0	0	0	0	0	1	0	0	0	0	0	0	0	0	0	0	0	0	175	53.0303	3.3	
13372	Slavedriver's Cane	0	12	0	0	29	0	0	0	0	0	0	0	0	0	0	0	0	0	0	0	0	0	0	0	0	200.5	51.4103	3.9	
22314	Huntsman's Harpoon	0	0	0	0	0	35	0	0	0	0	0	0	0	0	0	0	0	0	0	0	0	0	0	0	0	188	52.2222	3.6	
18420	Bonecrusher	0	0	0	0	30	0	0	0	1	0	0	0	0	0	0	0	0	0	0	0	0	0	0	0	0	161.5	53.8333	3	
19167	Blackfury	0	15	0	0	35	0	0	0	1	0	0	0	0	0	0	0	0	0	0	0	0	0	10	0	0	131.5	62.619	2.1	
13167	Fist of Omokk	0	12	0	0	29	0	0	0	0	0	0	0	0	0	0	0	0	0	0	0	0	0	0	0	0	169.5	51.3636	3.3	
11921	Impervious Giant	30	0	0	0	0	0	0	1	2	0	0	0	0	0	0	0	0	0	0	0	0	0	0	0	0	132	48.8889	2.7	
12782	Corruption	0	30	0	0	30	0	0	0	0	0	0	0	0	0	0	0	0	0	0	0	0	0	0	0	0	149	49.6667	3	
17074	Shadowstrike	0	0	0	0	0	0	0	0	0	0	0	0	0	0	0	0	0	0	0	0	0	0	0	0	0	184	59.3548	3.1	
15273	Death Striker	0	0	0	0	0	0	0	0	0	5	0	0	0	0	0	0	0	0	0	0	0	0	0	0	0	137	48.9286	2.8	
18874	High Warlord's War Staff	0	41	17	23	0	0	0	0	0	0	0	0	0	0	0	0	71	0	0	0	0	0	0	0	0	178	59.3333	3	
17113	Amberseal Keeper	0	0	0	20	0	0	0	0	0	0	0	0	0	0	0	0	44	0	0	0	0	12	5	5	5	186.9	56.6364	3.3	
944	Elemental Mage Staff	0	0	0	0	0	0	0	0	0	0	0	0	0	0	0	0	0	0	0	0	0	0	20	0	20	184	57.5	3.2	
11607	Dark Iron Sunderer	0	0	0	0	0	0	0	0	0	5	0	0	0	0	0	0	0	0	0	0	0	0	0	0	0	127	48.8462	2.6	
12790	Arcanite Champion	0	0	0	0	0	0	0	0	0	0	0	0	0	0	0	0	0	0	0	0	0	0	0	0	0	161.5	53.8333	3	
2291	Kang the Decapitator	0	0	0	0	0	0	0	0	0	5	0	0	0	0	0	0	0	0	0	0	0	0	0	0	0	170.5	47.3611	3.6	
13393	Malown's Slam	0	0	0	0	0	0	0	0	0	0	0	0	0	0	0	0	0	0	0	0	0	0	0	0	0	198	52.1053	3.8	
13937	Headmaster's Charge	0	30	20	0	0	0	0	0	0	0	0	0	0	0	0	0	0	0	0	0	0	0	0	0	0	169.5	58.4483	2.9	
13505	Runeblade of Baron Rivendare	0	0	0	0	0	0	0	0	0	0	0	0	0	0	0	0	0	0	0	0	0	0	0	0	0	214	59.4444	3.6	
18842	Staff of Dominance	0	16	14	37	0	0	0	0	0	0	0	0	0	0	0	0	40	0	0	1	0	0	0	0	0	165.5	57.069	2.9	
1263	Brain Hacker	0	0	0	0	0	0	0	0	0	5	0	0	0	0	0	0	0	0	0	0	0	0	0	0	0	119	56.6667	2.1	
12592	Blackblade of Shahram	0	0	0	0	0	0	0	0	0	0	0	0	0	0	0	0	0	0	0	0	0	0	0	0	0	208	59.4286	3.5	
12796	Hammer of the Titans	0	0	0	0	15	0	0	0	0	0	0	0	0	0	0	0	0	0	0	0	0	0	0	0	0	204.5	53.8158	3.8	
15272	Razor Axe	0	0	0	0	0	0	0	0	0	5	0	0	0	0	0	0	0	0	0	0	0	0	0	0	0	114.5	45.8	2.5	
17730	Gatorbite Axe	0	0	0	0	0	0	0	0	0	5	0	0	0	0	0	0	0	0	0	0	0	0	0	0	0	146.5	45.7812	3.2	
10652	Will of the Mountain Giant	0	14	0	0	15	0	0	0	0	5	0	0	0	0	0	0	0	0	0	0	0	0	0	0	0	110.5	39.4643	2.8	
18531	Unyielding Maul	250	12	0	0	0	0	0	0	0	0	8	0	0	0	0	0	0	0	0	0	0	0	0	0	0	169.5	52.9688	3.2	
13982	Warblade of Caer Darrow	0	0	0	0	0	0	0	0	0	0	0	0	0	0	0	0	0	0	0	0	0	0	0	0	0	189.5	57.4242	3.3	
13052	Warmonger	0	0	0	0	3	0	0	3	0	0	0	0	0	0	0	0	0	0	0	0	0	0	0	0	0	135	45	3	
20556	Wildstaff	0	10	0	9	10	0	0	1	1	0	0	0	0	0	0	0	0	0	0	0	0	0	0	0	0	112.5	45	2.5	
2801	Blade of Hanna	0	11	11	11	11	11	0	0	0	0	0	0	0	0	0	0	0	0	0	0	0	0	0	0	0	126.5	60.2381	2.1	
15271	Colossal Great Axe	0	0	0	0	0	0	0	0	0	5	0	0	0	0	0	0	0	0	0	0	0	0	0	0	0	165	43.4211	3.8	
13056	Frenzied Striker	0	0	0	0	0	0	0	2	0	0	0	0	1	0	0	0	0	0	0	0	0	0	0	0	0	135	48.2143	2.8	
12776	Enchanted Battlehammer	0	0	0	0	0	0	0	2	0	0	0	0	1	0	0	0	0	0	0	0	0	0	0	0	0	125	48.0769	2.6	
13047	Twig of the World Tree	0	21	12	0	14	0	0	0	0	0	0	0	0	0	0	0	0	0	0	0	0	0	0	0	0	184	49.7297	3.7	
11907	Beastslayer	0	0	0	0	0	0	0	0	0	5	0	0	0	0	0	0	0	0	0	0	0	0	0	0	0	140.5	42.5758	3.3	
18717	Hammer of the Grand Crusader	0	10	9	26	0	0	0	0	0	0	0	0	0	0	0	0	0	0	0	0	22	0	0	0	0	145.5	53.8889	2.7	
18481	Skullcracking Mace	0	0	0	0	22	10	0	0	0	0	0	0	0	0	0	0	0	0	0	0	0	0	0	0	0	149	46.5625	3.2	
18502	Monstrous Glaive	0	23	0	0	0	0	0	0	0	0	7	0	1	0	0	0	0	0	0	0	0	0	0	0	0	154	53.1034	2.9	
812	Glowing Brightwood Staff	0	15	9	29	0	0	0	0	0	0	0	0	0	0	0	0	0	0	0	0	0	0	0	15	0	159	51.2903	3.1	
22335	Lord Valthalak's Staff of Command	0	11	0	10	0	0	0	0	0	0	0	0	0	0	0	0	30	0	1	0	0	0	0	0	0	113	53.8095	2.1	
12969	Seeping Willow	0	0	0	0	0	0	0	0	0	0	0	0	0	0	0	0	0	0	0	0	0	0	0	0	0	194	53.8889	3.6	
15418	Shimmering Platinum Warhammer	0	0	0	0	0	0	0	0	0	0	0	0	0	0	0	0	0	0	0	0	0	0	0	0	0	167	53.871	3.1	
13348	Demonshear	0	0	0	0	0	0	0	0	0	0	0	0	0	0	0	0	0	0	0	0	0	0	0	0	0	204.5	53.8158	3.8	
22208	Lavastone Hammer	0	14	0	12	10	0	0	0	0	0	0	0	0	0	0	0	20	0	0	0	0	0	0	0	0	169	49.7059	3.4	
22394	Staff of Metanoia	0	15	13	15	0	0	0	0	0	0	0	0	0	0	0	0	0	0	0	0	35	0	0	0	0	111.5	53.0952	2.1	
13249	Argent Crusader	0	6	10	30	0	0	0	0	0	0	0	0	0	0	0	0	0	0	0	0	0	0	0	0	0	159	53	3	
18534	Rod of the Ogre Magi	0	11	7	14	0	0	0	0	0	0	0	0	0	0	0	0	23	0	0	1	0	0	0	0	0	145.5	53.8889	2.7	
11803	Force of Magma	0	0	0	0	14	0	0	0	0	0	0	0	0	0	0	0	0	0	0	0	0	0	0	0	0	154	48.125	3.2	
13000	Staff of Hale Magefire	0	0	22	25	0	0	0	0	0	0	0	0	0	0	0	0	0	0	0	0	0	0	0	0	0	175	53.0303	3.3	
13059	Stoneraven	0	15	9	0	13	13	0	0	0	0	0	0	0	0	0	0	0	0	0	0	0	0	0	0	0	148	44.8485	3.3	
13161	Trindlehaven Staff	0	12	0	25	0	0	0	0	0	0	0	0	0	0	0	0	14	0	0	0	0	0	0	0	0	109.5	52.1429	2.1	
13148	Chillpike	0	0	0	0	0	0	0	0	0	0	0	0	0	0	0	0	0	0	0	0	0	0	0	0	0	146.5	52.3214	2.8	
14541	Barovian Family Sword	0	0	0	0	0	0	0	0	0	0	0	0	0	0	0	0	0	0	0	0	0	0	0	0	0	109.5	52.1429	2.1	
22406	Redemption	0	0	12	0	0	0	0	0	0	0	0	0	0	0	0	0	0	0	0	0	66	0	0	0	0	109.5	52.1429	2.1	
16039	Ta'Kierthan Songblade	0	0	0	0	0	0	0	0	0	0	0	0	0	0	0	0	0	0	0	0	0	0	0	0	0	172	52.1212	3.3	
647	Destiny	0	0	0	0	0	0	0	0	0	0	0	0	0	0	0	0	0	0	0	0	0	0	0	0	0	140	53.8462	2.6	
9372	Sul'thraze the Lasher	0	0	0	0	0	0	0	0	0	0	0	0	0	0	0	0	0	0	0	0	0	0	0	0	0	135.5	52.1154	2.6	
20654	Amethyst War Staff	0	6	0	9	0	0	0	0	0	0	0	0	0	0	0	0	34	0	0	0	0	0	0	0	0	149	51.3793	2.9	
13053	Doombringer	0	0	0	0	0	0	0	0	0	0	0	0	0	0	0	0	0	0	0	0	0	0	0	0	0	144	51.4286	2.8	
13060	The Needler	0	0	0	0	0	0	0	0	0	0	0	0	0	0	0	0	0	0	0	0	0	0	0	0	0	113	51.3636	2.2	
12463	Drakefang Butcher	0	0	0	0	15	0	0	0	0	0	0	0	0	0	0	0	0	0	0	0	0	0	0	0	0	124	45.9259	2.7	
15854	Dancing Sliver	0	0	29	12	0	0	0	0	0	0	0	0	0	0	0	0	0	0	0	0	0	0	0	0	0	123	51.25	2.4	
13046	Blanchard's Stout	0	15	0	0	20	0	0	0	0	0	0	0	0	0	0	0	0	0	0	0	0	0	5	0	0	134.5	43.3871	3.1	
11932	Guiding Stave of Wisdom	0	11	10	0	0	0	0	0	0	0	0	0	0	0	0	0	0	0	0	0	53	0	0	0	10	166.5	50.4545	3.3	
15258	Divine Warblade	0	0	0	0	0	0	0	0	0	0	0	0	0	0	0	0	0	0	0	0	0	0	0	0	0	136.5	50.5556	2.7	
14531	Frightskull Shaft	0	0	0	0	0	0	0	0	0	0	0	0	0	0	0	0	0	0	0	0	0	0	0	0	0	171.5	50.4412	3.4	
10799	Headspike	0	18	0	0	15	0	0	0	0	0	0	0	0	0	0	0	0	0	0	0	0	0	0	0	0	132.5	44.1667	3	
12772	Inlaid Thorium Hammer	0	0	0	0	23	0	0	0	0	0	0	0	0	0	0	0	0	0	0	0	0	0	0	0	0	125.5	41.8333	3	
20083	Hunting Spear	0	17	0	0	0	0	0	0	1	0	0	0	0	0	0	0	0	0	0	0	0	5	0	0	0	139.5	45	3.1	
15267	Brutehammer	0	0	0	0	0	0	0	0	0	0	0	0	0	0	0	0	0	0	0	0	0	0	0	0	0	166.5	48.9706	3.4	
12532	Spire of the Stoneshaper	0	20	0	17	0	0	0	0	0	0	0	0	0	0	0	0	0	0	0	0	0	0	0	0	0	164	48.2353	3.4	
18311	Quel'dorai Channeling Rod	0	8	8	18	0	0	0	0	0	0	0	0	0	0	0	0	0	0	0	0	0	8	0	0	0	139	49.6429	2.8	
13044	Demonslayer	0	0	0	0	0	0	0	0	0	0	0	0	0	0	0	0	0	0	0	0	0	0	0	0	0	151.5	48.871	3.1	
11786	Stone of the Earth	280	12	0	0	0	0	0	0	0	0	0	0	0	0	0	0	0	0	0	0	0	0	0	0	0	154	48.125	3.2	
20504	Lightforged Blade	0	9	0	0	9	0	0	0	0	0	0	0	0	0	0	0	0	0	0	0	0	0	10	0	10	148	44.8485	3.3	
11809	Flame Wrath	0	0	0	0	0	0	0	0	0	0	0	0	0	0	0	0	0	0	0	0	0	0	0	0	0	159	48.1818	3.3	
15257	Shin Blade	0	0	0	0	0	0	0	0	0	0	0	0	0	0	0	0	0	0	0	0	0	0	0	0	0	105.5	47.9545	2.2	
17004	Sarah's Guide	0	20	0	15	0	0	0	0	0	0	0	0	0	0	0	0	0	0	0	0	0	0	0	0	0	118	47.2	2.5	
18353	Stoneflower Staff	0	0	0	24	0	0	0	0	0	0	0	0	0	0	0	0	0	0	0	1	0	0	0	0	0	142	47.3333	3	
11608	Dark Iron Pulverizer	0	0	0	0	0	0	0	0	0	0	0	0	0	0	0	0	0	0	0	0	0	0	0	0	0	175.5	47.4324	3.7	
15266	Fierce Mauler	0	0	0	0	0	0	0	0	0	0	0	0	0	0	0	0	0	0	0	0	0	0	0	0	0	156.5	47.4242	3.3	
10844	Spire of Hakkar	0	16	16	0	0	0	0	0	0	0	0	0	0	0	0	0	18	0	0	0	0	0	0	0	0	158	46.4706	3.4	
15278	Solstice Staff	0	0	0	0	0	0	0	0	0	0	0	0	0	0	0	0	0	0	0	0	0	0	0	0	0	121.5	46.7308	2.6	
12243	Smoldering Claw	0	0	0	0	0	0	0	0	0	0	0	0	0	0	0	0	0	0	0	0	0	0	10	0	0	135	46.5517	2.9	
10698	Enchanted Azsharite Felbane Staff	0	0	0	0	0	0	0	0	0	0	0	0	0	0	0	0	0	0	0	0	0	0	0	0	0	130.5	46.6071	2.8	
1607	Soulkeeper	0	0	26	11	0	0	0	0	0	0	0	0	0	0	0	0	0	0	0	0	0	0	0	0	0	177	46.5789	3.8	
17766	Princess Theradras' Scepter	0	0	0	0	0	0	0	0	0	0	0	0	0	0	0	0	0	0	0	0	0	0	0	0	0	158	46.4706	3.4	
11750	Kindling Stave	0	10	13	12	0	0	0	0	0	0	0	0	0	0	0	0	0	0	0	1	0	0	10	0	0	133	45.8621	2.9	
870	Fiery War Axe	0	0	0	0	0	0	0	0	0	5	0	0	0	0	0	0	0	0	0	0	0	0	0	0	0	117	40.3448	2.9	
17743	Resurgence Rod	0	0	0	0	0	0	0	0	0	0	0	0	0	0	0	0	0	0	0	0	0	0	0	0	0	174	45.7895	3.8	
873	Staff of Jordan	0	0	11	11	0	0	0	0	0	0	0	0	0	0	0	0	26	0	0	0	0	0	0	0	0	149.5	40.4054	3.7	
15256	Massacre Sword	0	0	0	0	0	0	0	0	0	0	0	0	0	0	0	0	0	0	0	0	0	0	0	0	0	174	45.7895	3.8	
20536	Soul Harvester	0	16	0	0	0	0	0	0	0	0	0	0	0	0	0	0	0	0	1	0	0	0	0	0	0	148	44.8485	3.3	
22458	Moonshadow Stave	0	0	0	0	0	0	0	0	0	0	0	0	0	0	0	0	18	0	0	1	0	7	0	0	0	166.5	45	3.7	
12400	The Judge's Gavel	0	0	0	0	0	0	0	0	0	0	0	0	0	0	0	0	0	0	0	0	0	0	0	0	0	153	45	3.4	
12528	The Judge's Gavel	0	0	0	0	0	0	0	0	0	0	0	0	0	0	0	0	0	0	0	0	0	0	0	0	0	153	45	3.4	
15276	Magus Long Staff	0	0	0	0	0	0	0	0	0	0	0	0	0	0	0	0	0	0	0	0	0	0	0	0	0	153	45	3.4	
7960	Truesilver Champion	0	0	0	0	0	0	0	0	0	0	0	0	0	0	0	0	0	0	0	0	0	0	0	0	0	135	45	3	
15265	Painbringer	0	0	0	0	0	0	0	0	0	0	0	0	0	0	0	0	0	0	0	0	0	0	0	0	0	125.5	44.8214	2.8	
18410	Sprinter's Sword	0	0	0	0	0	0	0	0	0	0	0	0	0	0	0	0	0	0	0	0	0	0	0	0	0	124	44.2857	2.8	
15255	Gallant Flamberge	0	0	0	0	0	0	0	0	0	0	0	0	0	0	0	0	0	0	0	0	0	0	0	0	0	150.5	44.2647	3.4	
9477	The Chief's Enforcer	0	0	0	0	0	0	0	0	0	0	0	0	0	0	0	0	0	0	0	0	0	0	0	0	0	148	43.5294	3.4	
15264	Backbreaker	0	0	0	0	0	0	0	0	0	0	0	0	0	0	0	0	0	0	0	0	0	0	0	0	0	134.5	43.3871	3.1	
2915	Taran Icebreaker	0	0	0	0	0	0	0	0	0	0	0	0	0	0	0	0	0	0	0	0	0	0	0	0	0	114	49.5652	2.3	
10626	Ragehammer	0	0	0	0	0	0	0	0	0	0	0	0	0	0	0	0	0	0	0	0	0	0	0	0	0	160.5	43.3784	3.7	
7959	Blight	0	0	0	0	0	0	0	0	0	0	0	0	0	0	0	0	0	0	0	0	0	0	0	0	0	117	43.3333	2.7	
15254	Dark Espadon	0	0	0	0	0	0	0	0	0	0	0	0	0	0	0	0	0	0	0	0	0	0	0	0	0	138	41.8182	3.3	
15275	Thaumaturgist Staff	0	0	0	0	0	0	0	0	0	0	0	0	0	0	0	0	0	0	0	0	0	0	0	0	0	150.5	41.8056	3.6	
1982	Nightblade	0	0	0	0	0	0	0	0	0	0	0	0	0	0	0	0	0	0	0	0	0	0	0	0	0	121.5	43.3929	2.8	
943	Warden Staff	260	11	0	0	0	0	0	0	0	0	10	0	0	0	0	0	0	0	0	0	0	0	0	0	0	111.5	46.4583	2.4	
11864	White Bone Spear	0	21	0	3	0	0	0	0	0	0	0	0	0	0	0	0	0	0	0	0	0	0	0	0	0	109	40.3704	2.7	
15253	Beheading Blade	0	0	0	0	0	0	0	0	0	0	0	0	0	0	0	0	0	0	0	0	0	0	0	0	0	141.5	40.4286	3.5	
15274	Diviner Long Staff	0	0	0	0	0	0	0	0	0	0	0	0	0	0	0	0	0	0	0	0	0	0	0	0	0	105	40.3846	2.6	
9683	Strength of the Treant	0	7	0	18	0	0	0	0	0	0	0	0	0	0	0	0	0	0	0	0	0	0	0	0	0	144	38.9189	3.7	
19022	Nat Pagle's Extreme Angler FC-5000	0	0	0	0	0	0	0	0	0	0	0	0	0	0	0	0	0	0	0	0	0	0	0	0	0	116.5	38.8333	3	
15263	Royal Mallet	0	0	0	0	0	0	0	0	0	0	0	0	0	0	0	0	0	0	0	0	0	0	0	0	0	104.5	38.7037	2.7	
18609	Anathema	0	22	0	31	0	0	0	0	0	0	0	0	0	0	0	0	0	0	0	0	0	7	0	0	0	178	59.3333	3	
18608	Benediction	0	10	12	31	0	0	0	0	0	0	0	0	0	0	0	0	0	0	0	0	106	0	0	0	0	178	59.3333	3	
18715	Lok'delar, Stave of the Ancient Keepers	0	26	0	15	0	0	0	0	2	0	0	0	0	0	0	0	0	0	0	0	0	0	0	10	0	234.5	73.2812	3.2	
20487	Lok'delar, Stave of the Ancient Keepers DEP	0	26	0	15	0	0	0	0	2	0	0	0	0	0	0	0	0	0	0	0	0	0	0	10	0	234.5	73.2812	3.2	
18756	Dreadguard's Protector	2121	5	0	0	18	0	0	0	0	0	0	0	0	0	0	0	0	0	0	0	0	0	0	0	0	0	0	0	
18826	High Warlord's Shield Wall	2929	23	0	0	10	0	0	0	0	0	0	0	0	0	0	0	0	0	0	0	0	0	0	0	0	0	0	0	
11915	Shizzle's Drizzle Blocker	1691	1	0	0	13	0	0	0	0	0	0	0	0	0	0	0	0	0	0	0	0	0	0	0	0	0	0	0	
13385	Tome of Knowledge	0	8	8	8	8	8	0	0	0	0	0	0	0	0	0	0	0	0	0	0	0	0	0	0	0	0	0	0	
1979	Wall of the Dead	1937	15	0	0	10	0	0	0	0	0	0	0	0	0	0	0	0	0	0	0	0	0	0	0	0	0	0	0	
10835	Crest of Supremacy	1930	7	7	7	6	6	0	0	0	0	0	0	0	0	0	0	0	0	0	0	0	0	0	0	0	0	0	0	
13375	Crest of Retribution	2057	0	0	0	0	0	0	0	0	0	0	0	0	0	0	0	0	0	0	0	0	0	0	0	0	0	0	0	
1203	Aegis of Stormwind	1867	15	0	0	6	0	0	0	0	0	0	0	0	0	0	0	0	0	0	0	0	0	0	0	0	0	0	0	
8313	Hero's Buckler	1890	0	0	12	7	0	0	0	0	0	0	0	0	0	0	0	0	0	0	0	0	0	0	0	0	0	0	0	
11631	Stoneshell Guard	1903	9	0	0	6	0	0	0	0	0	0	0	0	0	0	0	0	0	0	0	0	0	0	0	0	0	0	0	
8282	Valorous Shield	1578	9	0	0	6	0	0	0	0	0	0	0	0	0	0	0	0	0	0	0	0	0	0	0	0	0	0	0	
14852	Sunscale Shield	1663	10	3	0	5	0	0	0	0	0	0	0	0	0	0	0	0	0	0	0	0	0	0	0	0	0	0	0	
9643	Optomatic Deflector	1578	0	0	0	5	0	0	0	0	0	0	0	0	2	0	0	0	0	0	0	0	0	0	0	0	0	0	0	
1168	Skullflame Shield	2256	0	0	0	0	0	0	0	0	0	0	0	0	0	0	0	0	0	0	0	0	0	10	0	0	0	0	0	
10686	Aegis of Battle	1691	10	0	0	0	6	0	0	0	0	0	0	0	0	0	0	0	0	0	0	0	0	0	0	0	0	0	0	
15943	Imbued Shield	1861	14	0	0	3	0	0	0	0	0	0	0	0	0	0	0	0	0	0	0	0	0	0	0	0	0	0	0	
8320	Alabaster Shield	1748	13	0	0	3	0	0	0	0	0	0	0	0	0	0	0	0	0	0	0	0	0	0	0	0	0	0	0	
15991	Warleader's Shield	1918	14	0	0	0	4	0	0	0	0	0	0	0	0	0	0	0	0	0	0	0	0	0	0	0	0	0	0	
13083	Garrett Family Crest	2121	0	17	4	0	5	0	0	0	0	0	0	0	0	0	0	0	0	0	0	0	0	0	0	0	0	0	0	
14790	Protector Buckler	1663	0	5	10	0	3	0	0	0	0	0	0	0	0	0	0	0	0	0	0	0	0	0	0	0	0	0	0	
18673	Avalanchion's Stony Hide	2026	16	0	0	0	0	0	0	0	0	0	0	0	0	10	0	0	0	0	0	0	0	0	0	0	0	0	0	
16998	Sacred Protector	2121	15	0	10	0	0	0	0	0	0	0	0	0	0	0	0	0	0	0	0	0	0	0	0	0	0	0	0	
17106	Malistar's Defender	2822	9	0	12	0	0	0	0	0	0	0	0	0	0	0	0	0	0	0	0	0	9	0	0	0	0	0	0	
18168	Force Reactive Disk	2548	11	0	0	0	0	0	0	0	0	0	0	0	0	0	0	0	0	0	0	0	0	0	0	0	0	0	0	
17066	Drillborer Disk	2539	10	0	0	0	0	0	0	0	0	0	0	0	2	23	0	0	0	0	0	0	0	0	0	0	0	0	0	
8134	Myrmidon's Defender	1578	2	11	0	0	2	0	0	0	0	0	0	0	0	0	0	0	0	0	0	0	0	0	0	0	0	0	0	
23139	Lord Blackwood's Buckler	2121	10	0	0	0	0	0	0	0	0	0	0	0	0	27	0	0	0	0	0	0	0	0	0	0	0	0	0	
13529	Husk of Nerub'enkan	2089	10	0	0	0	0	0	0	0	0	0	0	0	0	0	0	0	0	0	0	0	0	0	15	0	0	0	0	
15890	Vanguard Shield	1805	12	5	0	0	0	0	0	0	0	0	0	0	0	0	0	0	0	0	0	0	0	0	0	0	0	0	0	
12602	Draconian Deflector	2153	7	0	0	0	0	0	0	0	0	10	0	0	0	0	0	0	0	0	0	0	0	10	0	0	0	0	0	
11785	Rock Golem Bulwark	1994	10	0	0	0	0	0	0	0	0	0	0	0	0	0	0	0	0	0	0	0	0	0	10	0	0	0	0	
18485	Observer's Shield	2089	9	5	14	0	0	0	0	0	0	0	0	0	0	0	0	0	0	0	0	0	0	0	0	0	0	0	0	
14002	Darrowshire Strongguard	2153	8	8	0	0	0	0	0	0	0	0	0	0	0	0	0	0	0	0	0	0	0	0	10	10	0	0	0	
18696	Intricately Runed Shield	2121	8	0	0	0	0	0	0	0	0	0	0	0	0	24	0	0	0	0	0	0	0	0	0	0	0	0	0	
15967	Highborne Star	0	6	0	11	0	3	0	0	0	0	0	0	0	0	0	0	0	0	0	0	0	0	0	0	0	0	0	0	
22336	Draconian Aegis of the Legion	2153	7	0	0	0	0	0	0	0	0	0	0	0	0	0	0	20	0	0	0	0	0	0	0	0	0	0	0	
14528	Rattlecage Buckler	2121	7	7	12	0	0	0	0	0	0	0	0	0	0	0	0	0	0	0	0	0	0	0	0	0	0	0	0	
18535	Milli's Shield	2106	7	7	0	0	0	0	0	0	0	0	0	0	0	0	0	0	0	0	0	0	0	0	0	0	0	0	0	
1204	The Green Tower	1308	13	7	0	0	0	0	0	0	0	0	0	0	0	0	0	0	0	0	0	0	0	0	0	0	0	0	0	
13254	Astral Guard	1930	6	0	0	0	0	0	0	0	0	0	0	0	0	0	0	0	0	0	0	0	0	0	0	0	0	0	0	
1169	Blackskull Shield	1895	5	10	0	0	0	0	0	0	0	0	0	0	0	0	0	0	0	0	0	0	0	0	0	0	0	0	0	
17718	Gizlock's Hypertech Buckler	1835	5	0	10	0	0	0	0	0	0	0	0	0	0	0	0	0	0	0	0	0	0	0	0	0	0	0	0	
9644	Thermotastic Egg Timer	0	0	11	0	0	3	0	0	0	0	0	0	0	0	0	0	0	0	0	0	0	0	0	0	0	0	0	0	
14812	Warstrike Buckler	1946	3	15	0	0	0	0	0	0	0	0	0	0	0	0	0	0	0	0	0	0	0	0	0	0	0	0	0	
8275	Ebonhold Buckler	1720	4	12	0	0	0	0	0	0	0	0	0	0	0	0	0	0	0	0	0	0	0	0	0	0	0	0	0	
13243	Argent Defender	2121	0	0	0	0	0	0	0	0	0	0	0	0	0	0	0	0	0	0	0	0	0	0	0	0	0	0	0	
18499	Barrier Shield	2121	0	0	0	0	0	0	0	0	0	0	0	0	2	18	0	0	0	0	0	0	0	0	0	0	0	0	0	
13205	Rhombeard Protector	2089	0	10	15	0	0	0	0	0	0	0	0	0	0	0	0	0	0	0	0	0	0	0	0	0	0	0	0	
15930	Imperial Red Scepter	0	4	0	12	0	2	0	0	0	0	0	0	0	0	0	0	0	0	0	0	0	0	0	0	0	0	0	0	
23468	High Warlord's Tome of Destruction	0	17	0	16	0	0	0	0	0	0	0	0	0	0	0	0	20	0	0	0	0	0	0	0	0	0	0	0	
14982	Exalted Shield	1975	0	0	0	0	0	0	0	0	0	0	0	0	0	0	0	0	0	0	0	0	0	0	0	0	0	0	0	
10367	Hyperion Shield	1975	0	0	0	0	0	0	0	0	0	0	0	0	0	0	0	0	0	0	0	0	0	0	0	0	0	0	0	
10271	Masterwork Shield	1975	0	0	0	0	0	0	0	0	0	0	0	0	0	0	0	0	0	0	0	0	0	0	0	0	0	0	0	
15687	Triumphant Shield	1975	0	0	0	0	0	0	0	0	0	0	0	0	0	0	0	0	0	0	0	0	0	0	0	0	0	0	0	
10158	Mercurial Guard	1946	0	0	0	0	0	0	0	0	0	0	0	0	0	0	0	0	0	0	0	0	0	0	0	0	0	0	0	
10366	Demon Guard	1918	0	0	0	0	0	0	0	0	0	0	0	0	0	0	0	0	0	0	0	0	0	0	0	0	0	0	0	
15968	Elunarian Sphere	0	3	0	14	0	2	0	0	0	0	0	0	0	0	0	0	0	0	0	0	0	0	0	0	0	0	0	0	
15887	Heroic Guard	1890	0	0	0	0	0	0	0	0	0	0	0	0	0	0	0	0	0	0	0	0	0	0	0	0	0	0	0	
15675	Magnificent Guard	1890	0	0	0	0	0	0	0	0	0	0	0	0	0	0	0	0	0	0	0	0	0	0	0	0	0	0	0	
15667	Impenetrable Wall	1861	0	0	0	0	0	0	0	0	0	0	0	0	0	0	0	0	0	0	0	0	0	0	0	0	0	0	0	
18352	Petrified Bark Shield	1861	0	0	0	0	0	0	0	0	0	0	0	0	0	23	0	0	0	0	0	0	0	0	0	0	0	0	0	
10363	Engraved Wall	1833	0	0	0	0	0	0	0	0	0	0	0	0	0	0	0	0	0	0	0	0	0	0	0	0	0	0	0	
14973	Glorious Shield	1833	0	0	0	0	0	0	0	0	0	0	0	0	0	0	0	0	0	0	0	0	0	0	0	0	0	0	0	
14800	Bloodlust Buckler	1805	0	11	7	0	0	0	0	0	0	0	0	0	0	0	0	0	0	0	0	0	0	0	0	0	0	0	0	
10365	Emerald Shield	1805	0	0	0	0	0	0	0	0	0	0	0	0	0	0	0	0	0	0	0	0	0	0	0	0	0	0	0	
10362	Ornate Shield	1776	0	0	0	0	0	0	0	0	0	0	0	0	0	0	0	0	0	0	0	0	0	0	0	0	0	0	0	
10364	Templar Shield	1776	0	0	0	0	0	0	0	0	0	0	0	0	0	0	0	0	0	0	0	0	0	0	0	0	0	0	0	
14930	Lofty Shield	1748	0	0	0	0	0	0	0	0	0	0	0	0	0	0	0	0	0	0	0	0	0	0	0	0	0	0	0	
15657	Merciless Shield	1748	0	0	0	0	0	0	0	0	0	0	0	0	0	0	0	0	0	0	0	0	0	0	0	0	0	0	0	
14964	High Chief's Shield	1720	0	0	0	0	0	0	0	0	0	0	0	0	0	0	0	0	0	0	0	0	0	0	0	0	0	0	0	
15648	Ironhide Shield	1720	0	0	0	0	0	0	0	0	0	0	0	0	0	0	0	0	0	0	0	0	0	0	0	0	0	0	0	
10195	Crusader's Shield	1691	0	0	0	0	0	0	0	0	0	0	0	0	0	0	0	0	0	0	0	0	0	0	0	0	0	0	0	
10204	Heavy Lamellar Shield	1691	0	0	0	0	0	0	0	0	0	0	0	0	0	0	0	0	0	0	0	0	0	0	0	0	0	0	0	
23469	High Warlord's Tome of Mending	0	14	14	14	0	0	0	0	0	0	0	0	0	0	0	0	0	0	0	0	31	0	0	0	0	0	0	0	
10093	Revenant Deflector	1663	0	0	0	0	0	0	0	0	0	0	0	0	0	0	0	0	0	0	0	0	0	0	0	0	0	0	0	
14916	Jade Deflector	1635	0	0	0	0	0	0	0	0	0	0	0	0	0	0	0	0	0	0	0	0	0	0	0	0	0	0	0	
10078	Lord's Crest	1635	0	0	0	0	0	0	0	0	0	0	0	0	0	0	0	0	0	0	0	0	0	0	0	0	0	0	0	
15633	Formidable Crest	1606	0	0	0	0	0	0	0	0	0	0	0	0	0	0	0	0	0	0	0	0	0	0	0	0	0	0	0	
9974	Overlord's Shield	1606	0	0	0	0	0	0	0	0	0	0	0	0	0	0	0	0	0	0	0	0	0	0	0	0	0	0	0	
14954	Bloodforged Shield	1578	0	0	0	0	0	0	0	0	0	0	0	0	0	0	0	0	0	0	0	0	0	0	0	0	0	0	0	
15621	Gryphon Mail Buckler	1578	0	0	0	0	0	0	0	0	0	0	0	0	0	0	0	0	0	0	0	0	0	0	0	0	0	0	0	
14912	Brutish Shield	1550	0	0	0	0	0	0	0	0	0	0	0	0	0	0	0	0	0	0	0	0	0	0	0	0	0	0	0	
9958	Warmonger's Buckler	1550	0	0	0	0	0	0	0	0	0	0	0	0	0	0	0	0	0	0	0	0	0	0	0	0	0	0	0	
18762	Shard of the Green Flame	0	12	0	0	0	0	0	0	0	0	0	0	0	0	0	0	0	0	0	0	0	0	0	0	0	0	0	0	
18425	Kreeg's Mug	0	12	15	0	0	0	0	0	0	0	0	0	0	0	0	0	0	0	0	0	0	0	0	0	0	0	0	0	negative_stat_zeroed
23156	Blackwood's Thigh	0	12	0	13	0	0	0	0	0	0	0	0	0	0	0	0	9	0	0	0	0	0	0	0	0	0	0	0	
19142	Fire Runed Grimoire	0	12	0	21	0	0	0	0	0	0	0	0	0	0	0	0	11	0	0	0	0	0	0	0	0	0	0	0	
16768	Furbolg Medicine Pouch	0	10	0	0	0	0	0	0	0	0	0	0	0	0	0	0	0	0	0	0	0	0	0	0	0	0	0	0	
11935	Magmus Stone	0	7	4	0	0	0	0	0	0	0	0	0	0	0	0	0	0	0	0	0	0	0	15	0	0	0	0	0	
18672	Elemental Ember	0	10	0	0	0	0	0	0	0	0	0	0	0	0	0	0	0	0	0	0	0	0	0	0	0	0	0	0	
15805	Penelope's Rose	0	10	11	11	0	0	0	0	0	0	0	0	0	0	0	0	0	0	0	0	0	0	0	0	0	0	0	0	
17067	Ancient Cornerstone Grimoire	0	10	11	15	0	0	0	0	0	0	0	0	0	0	0	0	0	0	0	0	0	0	0	0	0	0	0	0	
13353	Book of the Dead	0	8	10	15	0	0	0	0	0	0	0	0	0	0	0	0	0	0	0	0	0	0	0	0	0	0	0	0	
18523	Brightly Glowing Stone	0	7	0	0	0	0	0	0	0	0	0	0	0	0	0	0	0	0	0	0	37	0	0	0	0	0	0	0	
18536	Milli's Lexicon	0	6	0	7	0	0	0	0	0	0	0	0	0	0	0	0	0	0	0	0	0	6	0	0	0	0	0	0	
18695	Spellbound Tome	0	6	3	17	0	0	0	0	0	0	0	0	0	0	0	0	0	0	0	0	0	0	0	0	0	0	0	0	
22253	Tome of the Lost	0	6	0	7	0	0	0	0	0	0	0	0	0	0	0	0	18	0	0	0	0	0	0	0	0	0	0	0	
15966	Venomshroud Orb	0	5	10	0	0	0	0	0	0	0	0	0	0	0	0	0	0	0	0	0	0	0	0	3	0	0	0	0	
13261	Globe of D'sak	0	5	0	16	0	0	0	0	0	0	0	0	0	0	0	0	0	0	0	0	0	0	0	0	0	0	0	0	
11928	Thaurissan's Royal Scepter	0	5	10	5	0	0	0	0	0	0	0	0	0	0	0	0	0	0	0	0	22	0	0	0	0	0	0	0	
15931	Arcane Star	0	5	8	10	0	0	0	0	0	0	0	0	0	0	0	0	0	0	0	0	0	0	0	0	0	0	0	0	
11870	Oblivion Orb	0	4	11	0	0	0	0	0	0	0	0	0	0	0	0	0	0	0	0	0	0	0	0	0	0	0	0	0	
22319	Tome of Divine Right	0	4	0	5	0	0	0	0	0	0	0	0	0	0	0	0	0	0	0	0	26	0	0	0	0	0	0	0	
11625	Enthralled Sphere	0	3	5	14	0	0	0	0	0	0	0	0	0	0	0	0	0	0	0	0	0	0	0	0	0	0	0	0	
13524	Skull of Burning Shadows	0	0	0	0	0	0	0	0	0	0	0	0	0	0	0	0	0	0	0	0	0	0	15	0	0	0	0	0	
13371	Father Flame	0	0	0	0	0	0	0	0	0	0	0	0	0	0	0	0	0	0	0	0	0	0	10	0	0	0	0	0	
15857	Magebane Scion	0	0	0	0	0	0	0	0	0	0	0	0	0	0	0	0	0	0	0	0	0	0	10	0	10	0	0	0	
13030	Basilisk Bone	0	0	0	0	0	0	0	0	0	0	0	0	0	0	0	0	0	0	0	0	0	0	6	6	6	0	0	0	
7557	Gossamer Rod	0	0	0	0	0	0	0	0	0	0	0	0	0	0	0	0	0	0	0	0	0	0	0	0	0	0	0	0	
15982	Bloodwoven Rod	0	0	0	0	0	0	0	0	0	0	0	0	0	0	0	0	0	0	0	0	0	0	0	0	0	0	0	0	
19115	Flask of Forest Mojo	0	0	0	8	0	0	0	0	0	0	0	0	0	0	0	0	9	0	0	0	0	0	0	0	0	0	0	0	
15937	Hibernal Sphere	0	0	12	0	0	0	0	0	0	0	0	0	0	0	0	0	0	0	0	0	0	0	0	0	0	0	0	0	
15983	Gaea's Scepter	0	0	0	0	0	0	0	0	0	0	0	0	0	0	0	0	0	0	0	0	0	0	0	0	0	0	0	0	
10708	Skullspell Orb	0	0	0	12	0	0	0	0	0	0	0	0	0	0	0	0	0	0	0	0	0	0	0	0	0	0	0	0	
9944	Abjurer's Crystal	0	0	0	0	0	0	0	0	0	0	0	0	0	0	0	0	0	0	0	0	0	0	0	0	0	0	0	0	
17737	Cloud Stone	0	0	10	10	0	0	0	0	0	0	0	0	0	0	0	0	0	0	0	0	0	0	0	0	0	0	0	0	
10796	Drakestone	0	0	0	0	0	0	0	0	0	0	0	0	0	0	0	0	7	0	0	0	0	0	0	0	0	0	0	0	
15936	Duskwoven Branch	0	0	0	0	0	0	0	0	0	0	0	0	0	0	0	0	0	0	0	0	0	0	0	0	0	0	0	0	
10709	Pyrestone Orb	0	0	13	0	0	0	0	0	0	0	0	0	0	0	0	0	0	0	0	0	0	0	0	0	0	0	0	0	
15984	Opulent Scepter	0	0	0	0	0	0	0	0	0	0	0	0	0	0	0	0	0	0	0	0	0	0	0	0	0	0	0	0	
11904	Spirit of Aquementas	0	0	0	0	0	0	0	0	0	0	0	0	0	0	0	0	20	0	0	0	0	0	0	0	0	0	0	0	
15985	Arachnidian Branch	0	0	0	0	0	0	0	0	0	0	0	0	0	0	0	0	0	0	0	0	0	0	0	0	0	0	0	0	
15938	Mystical Orb	0	0	0	0	0	0	0	0	0	0	0	0	0	0	0	0	0	0	0	0	0	0	0	0	0	0	0	0	
15939	Councillor's Scepter	0	0	0	0	0	0	0	0	0	0	0	0	0	0	0	0	0	0	0	0	0	0	0	0	0	0	0	0	
4696	Lapidis Tankard of Tidesippe	0	0	16	5	0	0	0	0	0	0	0	0	0	0	0	0	0	0	0	0	0	0	0	0	0	0	0	0	negative_stat_zeroed
15986	Bonecaster's Star	0	0	0	0	0	0	0	0	0	0	0	0	0	0	0	0	0	0	0	0	0	0	0	0	0	0	0	0	
20694	Glowing Black Orb	0	0	0	10	0	0	0	0	0	0	0	0	0	0	0	0	12	0	0	0	0	0	0	0	0	0	0	0	
15987	Astral Orb	0	0	0	0	0	0	0	0	0	0	0	0	0	0	0	0	0	0	0	0	0	0	0	0	0	0	0	0	
13315	Testament of Hope	0	0	10	0	0	0	0	0	0	0	0	0	0	0	0	0	0	0	0	0	0	0	0	0	0	0	0	0	
15940	Elegant Scepter	0	0	0	0	0	0	0	0	0	0	0	0	0	0	0	0	0	0	0	0	0	0	0	0	0	0	0	0	
15988	Resplendent Orb	0	0	0	0	0	0	0	0	0	0	0	0	0	0	0	0	0	0	0	0	0	0	0	0	0	0	0	0	
15941	High Councillor's Scepter	0	0	0	0	0	0	0	0	0	0	0	0	0	0	0	0	0	0	0	0	0	0	0	0	0	0	0	0	
15989	Eternal Rod	0	0	0	0	0	0	0	0	0	0	0	0	0	0	0	0	0	0	0	0	0	0	0	0	0	0	0	0	
15942	Master's Rod	0	0	0	0	0	0	0	0	0	0	0	0	0	0	0	0	0	0	0	0	0	0	0	0	0	0	0	0	
18602	Tome of Sacrifice	0	8	0	0	0	0	0	0	0	0	0	0	0	0	0	0	0	0	0	0	0	0	0	0	0	0	0	0	
